LocalAuthority,Class of authority,Region,2010/11 to 2011/12 %SpendPower,2011/12 to 2012/13 %SpendPower,2012/13 to 2013/14 %SpendPower,2013/14 to 2014/15 %SpendPower,2014/15 to 2015/16 %SpendPower,2015/16 to 2016/17 %SpendPower,2016/17 to 2017/18 %SpendPower,2017/18 to 2018/19 %SpendPower,2018/19 to 2019/20 %SpendPower,,2010/11 AdjRevSpendPower,2011/12 AdjRevSpendPower,2012/13 AdjRevSpendPower,2013/14 AdjRevSpendPower,2014/15 AdjRevSpendPower,2015/16 AdjRevSpendPower,,2011/12 ActualRevSpendPower,2012/13 ActualRevSpendPower,2013/14 ActualRevSpendPower,2014/15 ActualRevSpendPower,2015/16 ActualRevSpendPower,2016/17 ActualRevSpendPower,2017/18 ActualRevSpendPower,2018/19 ActualRevSpendPower,2019/20 ActualRevSpendPower,,% Change 2015/16 to 2018/19
Adur,Shire District,South East,-7.3%,-3.6%,-1.2%,-3.1%,-4.4%,-2.5%,-5.8%,-4.7%,3.2%,,11.04,9.78,9.87,10.20,9.79,9.17,,10.23,9.42,9.75,9.88,9.36,8.94,8.42,8.03,8.28,,-0.1247
Allerdale,Shire District,North West,-7.8%,-7.1%,0.4%,-4.2%,-6.4%,1.1%,-3.0%,-5.6%,-2.5%,,14.81,12.88,12.27,13.17,12.60,11.53,,13.66,11.97,12.32,12.61,11.79,11.66,11.31,10.68,10.41,,-0.0742
Amber Valley,Shire District,East Midlands,-7.2%,-6.4%,-1.3%,-4.9%,-5.2%,-3.1%,-4.1%,-2.0%,0.7%,,15.70,13.64,13.52,14.19,13.54,12.43,,14.57,12.76,13.34,13.50,12.83,12.05,11.55,11.32,11.40,,-0.0892
Arun,Shire District,South East,-6.2%,-4.8%,1.4%,-2.5%,-2.7%,1.8%,-3.3%,-5.4%,2.3%,,20.23,17.72,18.27,19.82,19.34,18.46,,18.97,16.87,18.52,19.32,18.81,18.79,18.17,17.19,17.58,,-0.0685
Ashfield,Shire District,East Midlands,-8.8%,-7.6%,0.0%,-3.9%,-3.0%,0.2%,-6.2%,-4.0%,-4.1%,,17.48,14.90,14.92,15.88,15.30,14.14,,15.95,13.77,14.92,15.27,14.83,14.17,13.28,12.75,12.23,,-0.0981
Ashford,Shire District,South East,-8.8%,-7.9%,4.3%,-2.4%,-3.7%,2.3%,-4.8%,-6.5%,5.7%,,15.37,13.18,13.93,15.45,15.15,14.08,,14.02,12.15,14.53,15.07,14.59,14.40,13.71,12.82,13.55,,-0.0891
Aylesbury Vale,Shire District,South East,-8.8%,-7.2%,3.3%,1.2%,2.3%,5.7%,-2.7%,-6.7%,1.7%,,22.50,19.46,20.28,21.84,22.47,22.79,,20.52,18.06,20.96,22.11,22.98,24.10,23.45,21.88,22.25,,-0.0400
Babergh,Shire District,East,-8.8%,-7.1%,0.5%,-1.9%,-2.5%,0.0%,-8.5%,-3.7%,-0.9%,,11.04,9.53,9.73,10.29,10.13,9.78,,10.06,8.86,9.77,10.09,9.88,9.78,8.95,8.61,8.54,,-0.1188
Barking and Dagenham,Outer London Borough,London,-5.9%,-3.4%,1.0%,-4.8%,-5.0%,-1.4%,1.8%,2.1%,2.4%,,193.85,179.68,184.25,189.68,183.59,147.72,,182.34,173.49,186.00,180.51,174.43,145.63,148.18,151.31,154.95,,0.0243
Barnet,Outer London Borough,London,-2.6%,-2.5%,-0.9%,-1.6%,0.2%,-2.7%,0.7%,0.5%,2.4%,,295.18,283.72,295.83,299.43,300.45,264.02,,287.52,276.59,293.17,294.74,301.06,256.94,258.68,260.01,266.13,,-0.0152
Barnsley,Metropolitan District,Yorkshire and The Humber,-7.6%,-3.6%,-1.1%,-3.6%,-2.4%,-4.1%,3.0%,1.3%,2.8%,,233.16,212.78,219.16,220.53,217.04,179.55,,215.49,205.08,216.80,212.49,211.89,172.14,177.27,179.55,184.52,,0.0000
Barrow-in-Furness,Shire District,North West,-8.8%,-8.8%,-8.8%,-5.9%,-6.4%,-6.0%,-6.1%,-2.3%,-2.2%,,16.24,14.10,13.18,12.56,11.91,10.76,,14.82,12.86,12.02,11.82,11.15,10.11,9.49,9.27,9.06,,-0.1381
Basildon,Shire District,East,-6.3%,-4.7%,-1.2%,-3.1%,-4.5%,-0.3%,-4.3%,-7.1%,2.2%,,32.21,28.51,28.29,29.64,29.13,27.02,,30.18,27.18,27.96,28.73,27.83,26.93,25.78,23.94,24.46,,-0.1138
Basingstoke and Deane,Shire District,South East,-6.5%,-3.9%,3.7%,-1.4%,-1.8%,0.1%,-16.5%,-6.8%,3.7%,,15.58,13.50,15.89,17.50,17.22,16.24,,14.58,12.98,16.49,17.25,16.91,16.26,13.57,12.65,13.12,,-0.2212
Bassetlaw,Shire District,East Midlands,-8.8%,-7.3%,-1.0%,-5.5%,-6.3%,-1.7%,-5.9%,-4.1%,-3.8%,,17.51,15.02,14.69,15.40,14.62,13.26,,15.97,13.92,14.54,14.55,13.70,13.03,12.26,11.75,11.31,,-0.1137
Bath & North East Somerset,Unitary,South West,-2.6%,-2.4%,-2.0%,-1.5%,1.1%,-1.6%,1.8%,1.0%,2.8%,,138.21,133.05,136.47,137.29,138.93,122.42,,134.64,129.80,133.74,135.23,140.46,120.45,122.60,123.86,127.33,,0.0118
Bedford,Unitary,East,-3.8%,-3.1%,-1.5%,-1.2%,-0.1%,-1.1%,0.9%,1.0%,2.7%,,154.88,147.16,151.02,151.73,153.14,136.17,,149.02,142.61,148.82,149.90,152.99,134.70,135.95,137.36,141.13,,0.0087
Bexley,Outer London Borough,London,-2.8%,-2.8%,-0.8%,-2.6%,-0.5%,-2.0%,1.2%,1.0%,2.6%,,186.53,179.04,179.30,178.75,179.68,158.26,,181.33,174.11,177.82,174.06,178.72,155.15,156.94,158.55,162.70,,0.0018
Birmingham,Metropolitan District,West Midlands,-8.3%,-4.3%,-0.7%,-5.3%,-5.8%,-4.2%,1.2%,1.1%,2.0%,,1265.06,1144.52,1162.52,1173.80,1129.80,906.65,,1159.87,1095.76,1154.44,1111.30,1064.81,868.93,879.53,888.93,907.10,,-0.0195
Blaby,Shire District,East Midlands,-6.9%,-6.5%,0.0%,-2.9%,-3.5%,3.0%,1.2%,0.9%,6.3%,,10.79,9.58,9.54,10.02,9.83,9.49,,10.05,8.96,9.53,9.72,9.49,9.78,9.90,9.99,10.62,,0.0524
Blackburn with Darwen,Unitary,North West,-8.8%,-5.7%,-1.2%,-5.0%,-4.5%,-4.5%,1.7%,2.2%,1.3%,,171.26,154.21,155.52,155.19,150.96,121.40,,156.19,145.39,153.65,147.39,144.10,115.90,117.86,120.40,121.97,,-0.0082
Blackpool,Unitary,North West,-7.3%,-3.0%,-0.8%,-4.8%,-4.5%,-4.2%,1.4%,2.4%,1.5%,,178.60,163.20,175.61,176.98,171.75,132.05,,165.51,158.28,174.24,168.49,164.06,126.57,128.32,131.45,133.39,,-0.0046
Bolsover,Shire District,East Midlands,-8.8%,-8.8%,-8.8%,-5.2%,-6.0%,-2.6%,-4.5%,-2.9%,-3.2%,,14.19,12.26,11.64,11.27,10.75,10.08,,12.94,11.18,10.62,10.69,10.11,9.82,9.38,9.11,8.81,,-0.0968
Bolton,Metropolitan District,North West,-7.0%,-3.8%,-1.0%,-3.8%,-3.5%,-3.9%,3.0%,1.4%,2.3%,,279.35,256.55,261.89,265.74,260.12,212.63,,259.85,246.73,259.36,255.61,251.09,204.28,210.33,213.26,218.13,,0.0030
Boston,Shire District,East Midlands,-8.8%,-8.1%,1.9%,-5.3%,-6.4%,-2.5%,-7.3%,-3.3%,0.4%,,10.93,9.43,9.22,10.04,9.50,8.54,,9.97,8.66,9.39,9.51,8.89,8.33,7.72,7.47,7.50,,-0.1257
Bournemouth,Unitary,South West,-3.8%,-3.7%,-1.7%,-2.5%,-1.0%,-2.0%,1.5%,2.5%,..,,160.77,152.34,155.51,157.29,157.39,134.95,,154.59,146.66,152.83,153.36,155.84,132.21,134.20,137.57,..,,0.0194
Bracknell Forest,Unitary,South East,-2.6%,-2.6%,-1.9%,-0.7%,1.0%,-0.7%,-0.4%,0.7%,0.9%,,91.36,87.99,89.63,89.22,90.49,82.17,,88.97,85.73,87.96,88.58,91.36,81.57,81.25,81.79,82.49,,-0.0046
Bradford,Metropolitan District,Yorkshire and The Humber,-8.8%,-4.1%,-0.9%,-4.2%,-3.9%,-3.4%,1.1%,2.5%,1.5%,,539.06,484.88,491.36,496.78,487.03,398.19,,491.63,465.04,486.89,475.83,468.17,384.63,388.87,398.51,404.59,,0.0008
Braintree,Shire District,East,-7.1%,-6.0%,0.1%,-4.0%,-4.8%,0.9%,-6.4%,-6.3%,1.6%,,19.13,16.62,16.95,17.99,17.20,15.90,,17.77,15.62,16.97,17.27,16.38,16.04,15.02,14.07,14.30,,-0.1154
Breckland,Shire District,East,-8.8%,-8.8%,-2.9%,-5.0%,-4.6%,5.6%,-4.9%,-1.6%,-0.9%,,14.88,12.57,12.39,13.10,12.48,11.63,,13.57,11.47,12.03,12.44,11.91,12.29,11.68,11.49,11.39,,-0.0121
Brent,Outer London Borough,London,-5.9%,-4.0%,-0.1%,-5.0%,-4.4%,-0.5%,2.0%,1.4%,3.4%,,319.87,296.48,304.24,310.06,300.47,248.87,,301.15,284.75,303.86,294.65,287.18,247.62,252.50,256.14,264.92,,0.0292
Brentwood,Shire District,East,-5.6%,-5.7%,-1.3%,0.4%,-2.3%,-1.0%,-7.5%,-8.4%,7.3%,,10.77,9.74,9.76,10.14,10.04,9.54,,10.16,9.18,9.63,10.17,9.81,9.45,8.75,8.01,8.59,,-0.1604
Brighton & Hove,Unitary,South East,-4.7%,-4.0%,-2.4%,-3.4%,-1.9%,-2.3%,1.5%,2.5%,1.5%,,272.54,256.07,262.98,260.98,258.41,218.14,,259.84,245.74,256.60,252.09,253.61,213.19,216.43,221.85,225.21,,0.0170
Bristol,Unitary,South West,-3.6%,-3.0%,-1.8%,-3.0%,-2.5%,-3.1%,1.3%,1.6%,2.2%,,431.95,411.05,429.44,426.66,423.41,358.50,,416.30,398.51,421.72,413.75,412.99,347.22,351.87,357.41,365.42,,-0.0030
Broadland,Shire District,East,-6.3%,-6.1%,-0.4%,-3.4%,-4.4%,-0.5%,-1.7%,-0.2%,1.7%,,13.31,11.79,11.71,12.31,11.87,11.16,,12.46,11.07,11.66,11.89,11.35,11.11,10.92,10.90,11.08,,-0.0238
Bromley,Outer London Borough,London,-2.5%,-2.7%,-2.0%,-1.2%,1.2%,-1.5%,0.8%,-0.1%,3.7%,,233.28,224.73,230.85,231.62,235.37,205.37,,227.56,218.56,226.34,228.94,238.19,202.24,203.95,203.65,211.12,,-0.0084
Bromsgrove,Shire District,West Midlands,-4.6%,-4.4%,-1.3%,-1.4%,-1.3%,0.6%,-0.1%,0.1%,3.4%,,12.14,11.11,11.22,11.55,11.49,11.21,,11.58,10.62,11.07,11.39,11.34,11.28,11.26,11.27,11.65,,0.0059
Broxbourne,Shire District,East,-6.1%,-5.2%,-0.5%,-3.3%,-6.3%,-1.5%,-8.6%,-7.4%,0.6%,,11.04,9.53,9.85,10.56,10.21,9.08,,10.36,9.03,9.80,10.21,9.56,8.95,8.17,7.57,7.62,,-0.1661
Broxtowe,Shire District,East Midlands,-8.2%,-6.4%,-2.3%,-5.9%,-6.4%,-5.4%,-8.5%,-5.1%,-1.9%,,14.52,12.60,12.38,12.81,12.04,10.86,,13.33,11.79,12.09,12.05,11.27,10.27,9.40,8.92,8.75,,-0.1781
Buckinghamshire,Shire County,South East,-0.6%,-1.7%,-1.6%,0.1%,2.5%,-0.7%,1.9%,2.7%,4.7%,,339.21,336.00,344.56,339.01,352.57,320.91,,337.18,330.40,339.04,339.38,361.21,318.56,324.58,333.44,348.95,,0.0390
Burnley,Shire District,North West,-8.8%,-8.8%,-8.8%,-5.6%,-6.4%,-4.4%,-3.9%,-3.2%,-0.5%,,23.10,19.97,18.44,18.07,17.11,15.44,,21.07,18.22,16.82,17.05,16.02,14.76,14.18,13.72,13.66,,-0.1110
Bury,Metropolitan District,North West,-4.3%,-3.6%,-1.8%,-3.3%,-2.2%,-3.3%,1.6%,2.3%,1.0%,,168.63,159.43,160.38,161.24,158.80,133.05,,161.45,153.68,157.53,155.89,155.33,128.70,130.78,133.76,135.15,,0.0053
Calderdale,Metropolitan District,Yorkshire and The Humber,-5.0%,-3.7%,-1.5%,-3.1%,-1.9%,-3.5%,1.0%,2.4%,1.3%,,190.17,178.31,180.95,181.88,180.18,150.95,,180.76,171.67,178.31,176.31,176.71,145.74,147.24,150.80,152.74,,-0.0010
Cambridge,Shire District,East,-6.9%,-6.2%,0.2%,1.1%,2.3%,3.7%,-3.7%,-1.8%,-0.3%,,19.10,16.91,17.71,18.58,18.97,18.98,,17.78,15.87,17.75,18.78,19.41,19.69,18.96,18.61,18.56,,-0.0195
Cambridgeshire,Shire County,East,-3.0%,-2.6%,-0.6%,-0.9%,1.6%,-2.7%,0.4%,2.2%,5.7%,,401.68,388.22,400.88,403.50,412.36,365.84,,389.59,378.11,398.32,399.91,418.97,356.01,357.52,365.54,386.54,,-0.0008
Camden,Inner London Borough,London,-6.5%,-4.4%,-1.1%,-5.0%,-4.5%,-3.2%,-0.2%,0.4%,1.1%,,331.32,306.08,321.47,324.33,312.00,252.60,,309.65,292.64,318.08,308.08,298.10,244.55,243.97,244.86,247.51,,-0.0307
Cannock Chase,Shire District,West Midlands,-7.0%,-6.3%,-2.9%,-4.3%,-6.1%,-3.6%,-7.2%,0.6%,4.0%,,14.61,12.80,12.84,13.35,12.79,11.62,,13.59,11.98,12.47,12.78,12.01,11.21,10.40,10.46,10.87,,-0.1001
Canterbury,Shire District,South East,-6.4%,-6.3%,-0.9%,-1.4%,-4.0%,-2.6%,-7.3%,-7.8%,5.9%,,22.80,20.30,20.23,21.06,20.89,19.51,,21.34,19.02,20.05,20.77,20.05,19.00,17.62,16.24,17.20,,-0.1676
Carlisle,Shire District,North West,-6.7%,-4.5%,1.1%,-4.0%,-4.3%,0.0%,-4.0%,-3.4%,-0.4%,,15.78,13.91,14.16,15.12,14.46,13.40,,14.72,13.28,14.31,14.50,13.84,13.40,12.86,12.43,12.38,,-0.0724
Castle Point,Shire District,East,-6.0%,-4.7%,-3.4%,-3.6%,-4.4%,-1.0%,-4.9%,-2.5%,2.8%,,13.69,12.22,12.38,12.63,12.32,11.49,,12.87,11.65,11.95,12.17,11.77,11.38,10.81,10.55,10.84,,-0.0822
Central Bedfordshire,Unitary,East,-1.7%,-2.2%,-1.3%,0.0%,1.9%,0.5%,1.0%,-0.1%,2.7%,,206.16,200.36,208.57,209.41,212.56,193.51,,202.56,195.96,205.76,209.46,216.63,194.47,196.36,196.24,201.45,,0.0141
Charnwood,Shire District,East Midlands,-7.6%,-6.5%,1.8%,-2.6%,-2.3%,0.8%,-4.8%,-2.1%,0.7%,,19.13,16.71,17.28,18.52,18.09,17.33,,17.69,15.62,17.60,18.04,17.67,17.48,16.64,16.29,16.40,,-0.0604
Chelmsford,Shire District,East,-5.7%,-3.6%,-1.1%,-2.6%,-4.2%,0.6%,-0.1%,4.0%,7.4%,,20.47,18.25,18.68,19.51,19.08,18.08,,19.31,17.60,18.47,19.01,18.27,18.18,18.17,18.89,20.29,,0.0449
Cheltenham,Shire District,South West,-6.0%,-3.8%,-2.6%,-2.7%,-2.3%,0.3%,-5.3%,-0.4%,0.8%,,16.06,14.22,14.57,14.97,14.68,13.87,,15.09,13.69,14.18,14.56,14.35,13.90,13.17,13.13,13.23,,-0.0535
Cherwell,Shire District,South East,-7.3%,-6.4%,1.1%,-2.6%,-3.2%,3.3%,0.6%,-4.2%,7.5%,,17.31,15.05,15.00,16.05,15.67,14.98,,16.04,14.09,15.17,15.63,15.18,15.47,15.57,14.91,16.02,,-0.0045
Cheshire East,Unitary,North West,-1.7%,-2.1%,-1.7%,-0.8%,1.5%,-0.1%,1.8%,3.2%,3.3%,,278.11,270.43,285.17,287.63,290.87,257.74,,273.51,264.85,280.31,285.43,295.17,257.53,262.18,270.61,279.66,,0.0499
Cheshire West & Chester,Unitary,North West,-3.0%,-2.9%,-1.8%,-2.1%,0.2%,-1.2%,1.6%,2.7%,3.8%,,288.51,276.78,279.80,280.71,281.57,246.09,,279.91,268.77,274.76,274.91,282.01,243.19,247.03,253.77,263.52,,0.0312
Chesterfield,Shire District,East Midlands,-8.8%,-8.8%,-8.7%,-6.9%,-6.4%,-2.0%,-5.7%,-3.1%,-2.9%,,15.81,13.41,12.65,12.56,11.73,10.32,,14.42,12.23,11.55,11.69,10.98,10.11,9.54,9.24,8.97,,-0.1047
Chichester,Shire District,South East,-5.5%,-4.7%,0.2%,1.2%,-0.6%,6.1%,-6.1%,-3.9%,2.5%,,13.60,12.08,12.69,13.66,13.91,13.52,,12.86,11.51,12.71,13.83,13.82,14.34,13.47,12.95,13.27,,-0.0424
Chiltern,Shire District,South East,-4.8%,-4.3%,-2.4%,0.1%,-3.6%,0.2%,-0.5%,-2.3%,4.4%,,11.56,10.53,10.50,10.68,10.86,10.39,,11.01,10.07,10.26,10.69,10.47,10.41,10.35,10.11,10.56,,-0.0263
Chorley,Shire District,North West,-6.6%,-6.2%,1.7%,0.5%,-0.8%,2.9%,-5.4%,-7.3%,-0.2%,,14.95,13.25,13.74,14.74,14.82,14.42,,13.97,12.44,13.97,14.82,14.70,14.83,14.03,13.01,12.98,,-0.0979
Christchurch,Shire District,South West,-4.4%,-2.1%,-1.8%,-1.1%,-2.6%,0.3%,-6.0%,-2.1%,..,,6.35,5.71,5.93,6.22,6.20,5.82,,6.07,5.58,5.82,6.15,6.04,5.84,5.49,5.37,..,,-0.0774
Colchester,Shire District,East,-6.1%,-4.1%,1.1%,-1.7%,0.1%,0.2%,-6.7%,-7.0%,2.1%,,22.90,20.29,21.44,22.93,22.86,22.36,,21.51,19.46,21.68,22.54,22.89,22.41,20.91,19.45,19.86,,-0.1302
Copeland,Shire District,North West,-8.8%,-8.8%,-4.7%,-4.4%,-6.4%,-3.9%,-4.7%,-6.4%,-2.5%,,12.06,10.40,9.64,9.82,9.36,8.49,,11.00,9.49,9.19,9.38,8.76,8.16,7.78,7.29,7.10,,-0.1420
Corby,Shire District,East Midlands,-8.8%,-6.6%,4.4%,0.3%,-1.6%,1.6%,-9.0%,-8.1%,0.5%,,9.42,7.98,8.76,9.74,9.79,9.21,,8.59,7.45,9.15,9.76,9.64,9.36,8.51,7.83,7.87,,-0.1500
Cornwall,Unitary,South West,-3.3%,-2.9%,-1.3%,-2.7%,-0.5%,-1.7%,1.4%,2.9%,3.6%,,513.53,490.88,501.53,508.39,505.52,446.19,,496.79,476.75,494.84,494.85,503.00,438.71,444.82,457.52,474.12,,0.0254
Cotswold,Shire District,South West,-6.4%,-6.1%,2.6%,1.0%,0.5%,7.4%,-5.0%,0.6%,3.0%,,11.10,9.86,10.22,10.89,10.91,10.57,,10.39,9.25,10.49,11.00,10.96,11.35,10.78,10.85,11.18,,0.0262
Coventry,Metropolitan District,West Midlands,-5.7%,-3.8%,-0.6%,-4.0%,-3.7%,-1.9%,1.6%,1.7%,2.1%,,320.98,298.51,303.27,305.12,301.08,247.81,,302.63,287.26,301.49,292.97,289.87,243.10,247.06,251.38,256.60,,0.0144
Craven,Shire District,Yorkshire and The Humber,-7.2%,-5.4%,0.2%,-2.5%,-6.3%,4.5%,-7.1%,-4.0%,1.3%,,7.67,6.79,6.93,7.29,7.17,6.60,,7.11,6.42,6.94,7.11,6.72,6.90,6.41,6.15,6.23,,-0.0685
Crawley,Shire District,South East,-7.7%,-4.2%,-1.2%,-5.1%,-5.8%,-3.0%,-6.5%,-0.1%,-0.6%,,16.98,14.68,15.29,16.19,15.39,13.78,,15.67,14.07,15.10,15.37,14.50,13.36,12.50,12.49,12.42,,-0.0935
Croydon,Outer London Borough,London,-5.0%,-2.9%,-0.9%,-2.4%,-1.7%,-1.8%,0.9%,2.0%,2.9%,,328.03,306.99,319.05,322.63,322.00,276.27,,311.57,298.05,316.08,314.75,316.64,271.36,273.69,279.14,287.31,,0.0104
Cumbria,Shire County,North West,-1.9%,-2.0%,-1.6%,-2.2%,-0.5%,-1.4%,2.3%,2.4%,3.5%,,417.85,408.64,411.29,408.44,408.52,357.61,,409.95,400.62,404.68,399.43,406.60,352.46,360.67,369.29,382.15,,0.0327
Dacorum,Shire District,East,-5.5%,-4.6%,-0.6%,-0.2%,-2.5%,1.8%,-4.1%,-4.3%,4.0%,,18.82,16.73,17.29,18.27,18.28,17.29,,17.79,15.97,17.20,18.24,17.83,17.61,16.90,16.17,16.82,,-0.0648
Darlington,Unitary,North East,-3.5%,-3.1%,0.1%,-3.5%,-2.2%,-2.3%,1.4%,2.5%,1.6%,,96.03,91.33,95.52,97.52,96.95,80.85,,92.63,88.52,95.59,94.15,94.86,78.95,80.02,82.00,83.32,,0.0143
Dartford,Shire District,South East,-6.4%,-4.7%,1.2%,-0.9%,-0.6%,2.8%,-0.7%,4.4%,6.1%,,13.23,11.69,12.17,13.01,12.99,12.61,,12.37,11.14,12.32,12.90,12.91,12.97,12.88,13.45,14.27,,0.0663
Daventry,Shire District,East Midlands,-7.2%,-6.7%,-1.6%,-5.1%,-1.9%,3.8%,3.1%,6.2%,7.1%,,10.31,9.11,8.94,9.25,8.85,8.65,,9.56,8.51,8.80,8.78,8.69,8.98,9.26,9.84,10.54,,0.1371
Derby,Unitary,East Midlands,-5.4%,-4.0%,-1.5%,-3.7%,-3.2%,-2.9%,1.7%,2.4%,1.9%,,231.36,216.06,219.60,220.51,217.19,178.69,,218.76,207.35,216.23,212.43,210.32,173.52,176.55,180.87,184.27,,0.0122
Derbyshire,Shire County,East Midlands,-2.4%,-2.4%,-2.0%,-2.4%,0.0%,-2.9%,3.3%,3.2%,3.9%,,553.31,538.47,556.21,547.91,551.55,466.77,,540.11,525.66,545.14,534.81,551.33,453.47,468.39,483.46,502.29,,0.0357
Derbyshire Dales,Shire District,East Midlands,-5.8%,-5.2%,-0.5%,-2.4%,-3.1%,0.8%,-6.1%,-3.1%,3.9%,,10.47,9.50,9.47,9.82,9.62,9.17,,9.86,9.00,9.42,9.58,9.32,9.24,8.68,8.41,8.74,,-0.0822
Devon,Shire County,South West,-1.8%,-2.1%,-1.7%,-1.6%,0.6%,-0.7%,3.2%,3.1%,3.3%,,568.38,556.40,565.93,561.79,572.58,508.00,,558.23,544.90,556.56,552.74,576.19,504.36,520.60,536.89,554.38,,0.0569
Doncaster,Metropolitan District,Yorkshire and The Humber,-8.8%,-4.8%,-1.2%,-4.2%,-2.8%,-3.4%,2.5%,1.9%,2.8%,,303.16,272.73,275.77,277.06,274.18,223.56,,276.48,259.57,272.56,265.52,266.53,215.86,221.30,225.52,231.82,,0.0088
Dorset,Shire County,South West,0.2%,-1.1%,-1.4%,-0.8%,2.0%,-1.3%,3.1%,4.2%,..,,289.23,288.99,298.10,296.87,304.46,271.79,,289.93,285.74,293.85,294.46,310.65,268.17,276.37,287.88,..,,0.0592
Dover,Shire District,South East,-7.5%,-6.7%,0.2%,-4.2%,-5.6%,-1.8%,-2.6%,-2.7%,1.3%,,17.02,14.78,14.48,15.48,14.85,13.61,,15.75,13.80,14.50,14.84,14.01,13.36,13.00,12.65,12.82,,-0.0702
Dudley,Metropolitan District,West Midlands,-3.4%,-3.1%,-1.3%,-3.6%,-2.6%,-2.9%,2.0%,2.0%,2.7%,,279.05,266.23,275.39,275.31,271.38,224.06,,269.61,258.06,271.76,265.45,264.32,217.55,221.84,226.33,232.49,,0.0101
Durham,Unitary,North East,-6.9%,-3.2%,-1.0%,-3.7%,-2.5%,-3.0%,2.1%,2.4%,3.2%,,522.18,479.59,508.14,510.38,501.61,403.74,,486.27,464.10,503.24,491.36,488.99,391.58,399.61,409.40,422.54,,0.0140
Ealing,Outer London Borough,London,-4.9%,-3.8%,-0.9%,-3.7%,-2.3%,-4.1%,-0.9%,1.6%,2.3%,,318.55,298.56,309.87,312.28,306.10,256.07,,303.05,287.36,306.97,300.84,299.09,245.67,243.55,247.42,253.14,,-0.0338
East Cambridgeshire,Shire District,East,-6.8%,-6.4%,2.0%,-3.2%,-4.2%,-1.3%,-11.6%,-8.8%,-2.6%,,10.94,9.68,10.05,10.83,10.47,9.83,,10.20,9.06,10.25,10.48,10.04,9.70,8.57,7.81,7.61,,-0.2053
East Devon,Shire District,South West,-6.6%,-5.2%,-1.2%,-0.6%,2.7%,8.4%,-0.2%,-1.9%,1.0%,,14.94,13.11,13.47,14.17,14.19,14.30,,13.96,12.43,13.31,14.09,14.58,15.50,15.46,15.17,15.32,,0.0606
East Dorset,Shire District,South West,-3.0%,-2.5%,-2.0%,-0.8%,-2.1%,0.5%,-3.3%,0.0%,..,,11.02,10.20,10.44,10.78,10.79,10.44,,10.69,9.95,10.23,10.69,10.56,10.48,10.14,10.14,..,,-0.0283
East Hampshire,Shire District,South East,-5.3%,-4.6%,1.8%,0.8%,1.7%,1.0%,-9.3%,-4.8%,5.5%,,11.99,10.70,11.34,12.22,12.38,12.36,,11.35,10.21,11.55,12.32,12.59,12.48,11.31,10.77,11.37,,-0.1284
East Hertfordshire,Shire District,East,-5.6%,-4.7%,-0.8%,0.7%,-1.1%,0.4%,-2.4%,-5.3%,3.6%,,17.25,15.50,16.00,16.58,16.73,16.26,,16.28,14.78,15.88,16.71,16.55,16.33,15.94,15.10,15.64,,-0.0710
East Lindsey,Shire District,East Midlands,-8.8%,-8.0%,-0.9%,-6.9%,-6.4%,1.6%,-7.0%,-2.2%,-2.6%,,22.89,19.53,18.94,20.27,18.86,17.11,,20.88,17.96,18.77,18.87,17.66,17.38,16.15,15.79,15.38,,-0.0768
East Northamptonshire,Shire District,East Midlands,-7.0%,-6.6%,1.1%,-3.6%,-2.7%,3.2%,-5.5%,1.0%,-1.1%,,10.47,9.18,9.69,10.34,9.94,9.63,,9.74,8.57,9.80,9.97,9.67,9.94,9.40,9.49,9.38,,-0.0145
East Riding of Yorkshire,Unitary,Yorkshire and The Humber,-2.9%,-2.7%,-1.8%,-2.5%,-1.0%,-1.6%,1.9%,3.0%,2.0%,,277.96,266.56,268.10,267.17,266.87,234.84,,269.81,259.28,263.27,260.46,264.13,231.00,235.36,242.49,247.40,,0.0326
East Staffordshire,Shire District,West Midlands,-8.1%,-6.0%,-0.2%,-2.3%,-4.7%,-3.4%,-4.6%,-5.1%,2.1%,,16.37,14.15,14.14,14.88,14.54,13.46,,15.05,13.31,14.11,14.53,13.86,13.00,12.41,11.77,12.02,,-0.1253
East Sussex,Shire County,South East,-1.6%,-1.9%,-1.5%,-1.5%,0.6%,-1.3%,3.0%,3.3%,2.5%,,410.27,402.94,419.40,417.00,423.12,367.72,,403.89,395.37,413.04,410.87,425.73,363.01,373.96,386.14,395.97,,0.0501
Eastbourne,Shire District,South East,-5.8%,-4.5%,-1.9%,-4.4%,-5.8%,-3.3%,-6.0%,-4.3%,-0.8%,,18.28,16.12,16.08,16.91,16.08,14.50,,17.22,15.39,15.77,16.17,15.14,14.03,13.18,12.61,12.52,,-0.1303
Eastleigh,Shire District,South East,-6.3%,-5.3%,-0.1%,-2.3%,-2.7%,-1.6%,-9.8%,-4.5%,5.7%,,13.47,11.93,12.48,13.16,12.68,12.13,,12.62,11.30,12.47,12.85,12.34,11.94,10.76,10.28,10.87,,-0.1525
Eden,Shire District,North West,-6.4%,-6.0%,0.5%,-2.0%,-4.9%,6.4%,-5.2%,-4.8%,1.9%,,8.32,7.50,7.41,7.83,7.71,7.24,,7.78,7.05,7.45,7.67,7.33,7.70,7.30,6.95,7.09,,-0.0395
Elmbridge,Shire District,South East,-3.7%,-4.1%,-2.0%,0.6%,-0.8%,-0.5%,-7.1%,-2.7%,3.1%,,19.39,17.97,19.12,19.53,19.65,19.12,,18.68,17.24,18.74,19.65,19.50,19.01,17.67,17.18,17.71,,-0.1011
Enfield,Outer London Borough,London,-2.8%,-2.5%,0.1%,-4.4%,-4.0%,-3.0%,0.5%,1.1%,1.8%,,289.67,277.24,280.20,285.94,278.88,235.50,,281.64,270.29,280.58,273.41,267.74,228.44,229.61,232.13,236.27,,-0.0143
Epping Forest,Shire District,East,-6.2%,-5.6%,-0.8%,-2.0%,-4.3%,-1.2%,-8.7%,-9.2%,3.4%,,17.64,15.74,15.87,16.55,16.25,15.32,,16.55,14.86,15.74,16.22,15.55,15.14,13.82,12.55,12.98,,-0.1805
Epsom and Ewell,Shire District,South East,-4.7%,-3.6%,1.0%,3.0%,0.3%,-0.8%,-7.7%,-5.6%,-0.9%,,9.43,8.58,9.08,9.70,10.05,9.86,,8.98,8.28,9.17,9.99,10.07,9.78,9.03,8.52,8.44,,-0.1356
Erewash,Shire District,East Midlands,-6.6%,-6.1%,-0.7%,-5.5%,-5.2%,-2.3%,-5.7%,-5.1%,-3.8%,,15.34,13.40,13.34,14.13,13.33,12.08,,14.33,12.58,13.25,13.36,12.63,11.81,11.14,10.57,10.17,,-0.1253
Essex,Shire County,East,-1.3%,-1.8%,-2.0%,-1.5%,0.8%,-1.8%,1.7%,2.3%,3.1%,,991.04,975.03,1002.19,989.61,1004.30,883.19,,977.99,957.87,982.62,974.58,1012.47,866.94,881.86,901.84,930.18,,0.0211
Exeter,Shire District,South West,-7.6%,-6.7%,2.6%,-3.5%,-3.1%,0.9%,-6.5%,-7.6%,-1.3%,,16.78,14.58,15.11,16.56,16.07,14.92,,15.50,13.60,15.51,15.98,15.57,15.06,14.08,13.01,12.83,,-0.1284
Fareham,Shire District,South East,-6.4%,-5.3%,-0.1%,-1.5%,-3.0%,0.8%,-6.7%,-6.5%,2.1%,,12.09,10.76,11.13,11.53,11.41,10.78,,11.32,10.19,11.11,11.37,11.06,10.86,10.13,9.47,9.67,,-0.1212
Fenland,Shire District,East,-8.8%,-7.1%,-1.0%,-4.4%,-5.1%,-1.3%,-6.0%,-2.1%,-0.7%,,18.29,15.77,15.52,16.24,15.61,14.37,,16.68,14.65,15.37,15.52,14.81,14.18,13.34,13.06,12.97,,-0.0911
Forest Heath,Shire District,East,-7.9%,-7.2%,0.1%,-0.7%,-4.3%,-1.4%,-19.5%,-8.8%,..,,8.06,6.99,8.11,8.57,8.51,8.01,,7.43,6.49,8.12,8.51,8.14,7.90,6.36,5.80,..,,-0.2757
Forest of Dean,Shire District,South West,-7.1%,-6.6%,-0.5%,-3.6%,-3.8%,2.1%,-4.7%,-4.3%,-3.1%,,12.21,10.73,10.63,11.17,10.83,10.23,,11.34,10.02,10.58,10.76,10.42,10.44,9.96,9.53,9.23,,-0.0683
Fylde,Shire District,North West,-5.7%,-5.7%,-1.1%,-1.2%,-1.5%,-1.3%,-4.2%,-3.5%,3.7%,,11.22,10.10,10.34,10.71,10.70,10.20,,10.59,9.53,10.22,10.58,10.54,10.06,9.64,9.30,9.64,,-0.0881
Gateshead,Metropolitan District,North East,-7.3%,-3.6%,-1.4%,-4.3%,-3.6%,-3.9%,1.5%,1.6%,1.2%,,234.11,214.62,220.57,220.24,217.90,178.92,,217.08,206.82,217.40,210.75,210.14,172.01,174.58,177.42,179.49,,-0.0084
Gedling,Shire District,East Midlands,-7.2%,-6.1%,0.9%,-3.1%,-3.6%,-2.6%,-9.1%,-7.7%,-3.9%,,14.60,12.67,12.89,13.89,13.50,12.53,,13.55,11.89,13.01,13.45,13.01,12.21,11.10,10.24,9.84,,-0.1827
Gloucester,Shire District,South West,-7.5%,-4.4%,1.7%,-2.6%,-3.1%,0.9%,-9.9%,-6.9%,-4.4%,,17.46,15.00,16.12,17.45,16.96,15.71,,16.16,14.33,16.39,17.00,16.43,15.86,14.29,13.31,12.72,,-0.1526
Gloucestershire,Shire County,South West,-2.5%,-2.4%,-1.8%,-1.5%,0.8%,-1.4%,2.4%,2.8%,4.1%,,433.90,421.67,431.11,426.32,431.72,378.18,,422.99,411.44,423.17,419.89,434.97,373.08,382.16,393.00,409.03,,0.0392
Gosport,Shire District,South East,-5.8%,-3.4%,0.1%,-4.7%,-6.0%,-2.8%,-5.1%,-5.0%,-0.3%,,12.42,10.94,10.98,11.76,11.27,10.19,,11.69,10.57,10.98,11.21,10.58,9.91,9.40,8.93,8.91,,-0.1235
Gravesham,Shire District,South East,-7.0%,-5.7%,0.8%,-3.0%,-4.7%,-2.3%,-5.6%,-7.3%,2.1%,,14.36,12.50,12.62,13.63,13.44,12.17,,13.35,11.79,12.72,13.21,12.81,11.89,11.22,10.41,10.62,,-0.1451
Great Yarmouth,Shire District,East,-8.8%,-8.8%,-8.8%,-6.6%,-6.4%,-4.4%,-6.0%,-4.3%,-3.1%,,19.98,17.09,16.27,15.88,14.88,13.18,,18.22,15.58,14.84,14.83,13.92,12.60,11.85,11.34,10.99,,-0.1397
Greenwich,Inner London Borough,London,-7.7%,-4.4%,-0.1%,-4.5%,-4.1%,-1.7%,3.0%,2.2%,1.9%,,296.57,269.78,276.79,282.30,274.15,223.66,,273.69,257.81,276.60,269.48,262.79,219.92,226.61,231.68,235.99,,0.0358
Guildford,Shire District,South East,-6.0%,-5.1%,0.0%,-2.6%,-3.8%,0.7%,-3.8%,-5.7%,2.9%,,17.18,15.30,15.38,16.12,15.68,14.89,,16.15,14.52,15.38,15.70,15.09,14.99,14.43,13.61,14.00,,-0.0860
Hackney,Inner London Borough,London,-8.8%,-6.8%,-0.4%,-4.7%,-6.1%,-3.5%,-0.3%,-1.5%,1.9%,,370.11,332.47,343.10,352.38,339.12,267.73,,337.54,309.96,341.66,335.74,318.41,258.35,257.56,253.71,258.51,,-0.0524
Halton,Unitary,North West,-8.8%,-3.9%,-1.4%,-4.4%,-4.0%,-3.4%,2.2%,2.2%,2.1%,,140.76,126.70,128.81,129.46,126.41,103.22,,128.37,121.80,126.97,123.77,121.32,99.74,101.90,104.12,106.28,,0.0087
Hambleton,Shire District,Yorkshire and The Humber,-6.7%,-6.5%,1.2%,-3.3%,-4.3%,9.0%,-6.3%,2.1%,1.0%,,9.17,8.05,8.21,8.83,8.59,8.01,,8.56,7.53,8.30,8.54,8.22,8.73,8.18,8.36,8.44,,0.0434
Hammersmith and Fulham,Inner London Borough,London,-6.6%,-4.4%,-0.9%,-4.8%,-4.5%,-4.2%,-0.4%,-0.6%,2.0%,,224.98,207.53,217.30,217.53,209.43,164.75,,210.22,198.50,215.32,206.99,200.04,157.86,157.16,156.25,159.41,,-0.0516
Hampshire,Shire County,South East,-1.0%,-2.0%,-1.7%,-0.1%,2.5%,-1.2%,2.7%,2.6%,2.5%,,822.58,812.20,828.85,819.67,842.01,751.17,,814.72,796.05,814.96,818.97,862.87,742.30,762.03,781.89,801.18,,0.0409
Harborough,Shire District,East Midlands,-6.1%,-6.0%,-1.5%,1.2%,0.5%,4.5%,-4.6%,-2.0%,3.7%,,10.91,9.86,10.35,10.59,10.72,10.40,,10.24,9.27,10.19,10.73,10.77,10.88,10.37,10.17,10.55,,-0.0228
Haringey,Outer London Borough,London,-7.9%,-4.0%,-0.6%,-4.9%,-5.2%,-4.6%,0.5%,-0.4%,1.3%,,307.77,279.20,285.06,285.98,279.73,231.93,,283.44,268.15,283.23,272.05,265.20,221.19,222.21,221.38,224.33,,-0.0455
Harlow,Shire District,East,-8.8%,-5.9%,-3.1%,-4.7%,-4.4%,-3.7%,-5.4%,-2.2%,2.4%,,16.27,13.97,13.82,14.14,13.74,12.40,,14.84,13.15,13.39,13.47,13.13,11.94,11.29,11.04,11.31,,-0.1098
Harrogate,Shire District,Yorkshire and The Humber,-5.4%,-4.7%,-2.8%,-2.9%,-2.9%,-2.0%,-4.6%,-0.3%,4.3%,,24.70,22.43,22.38,22.69,22.04,20.99,,23.36,21.38,21.77,22.03,21.41,20.58,19.63,19.56,20.41,,-0.0683
Harrow,Outer London Borough,London,-1.9%,-2.4%,-1.2%,-2.9%,-1.5%,-1.3%,1.4%,0.9%,3.7%,,196.30,189.85,196.11,197.92,196.95,172.23,,192.59,185.37,193.76,192.25,193.90,169.99,172.45,173.91,180.30,,0.0098
Hart,Shire District,South East,-3.9%,-3.5%,-0.3%,1.7%,-0.1%,2.7%,0.9%,0.9%,5.0%,,9.73,9.01,9.33,9.70,9.87,9.80,,9.35,8.70,9.30,9.87,9.87,10.07,10.16,10.25,10.76,,0.0454
Hartlepool,Unitary,North East,-8.8%,-5.7%,-1.8%,-4.4%,-4.4%,-2.5%,1.3%,2.0%,1.9%,,115.99,104.29,106.18,106.88,103.65,83.36,,105.79,98.29,104.31,102.15,99.06,81.29,82.35,83.96,85.55,,0.0072
Hastings,Shire District,South East,-8.8%,-8.8%,-8.8%,-4.2%,-6.4%,-2.6%,-6.4%,-3.2%,-1.6%,,21.02,17.85,16.89,16.59,15.90,14.20,,19.17,16.28,15.41,15.90,14.88,13.84,12.96,12.55,12.35,,-0.1165
Havant,Shire District,South East,-6.3%,-5.7%,-3.2%,-3.9%,-4.7%,-0.6%,-2.9%,-1.9%,0.0%,,18.05,15.90,15.58,15.97,15.44,14.20,,16.91,14.99,15.08,15.34,14.71,14.11,13.71,13.45,13.46,,-0.0527
Havering,Outer London Borough,London,-1.7%,-2.2%,-1.1%,-0.9%,0.7%,-0.2%,1.6%,-1.0%,2.8%,,189.47,183.98,187.70,188.72,191.40,170.04,,186.23,179.96,185.72,187.11,192.73,169.73,172.52,170.81,175.57,,0.0045
Herefordshire,Unitary,West Midlands,-3.2%,-3.0%,-1.2%,-2.1%,-0.6%,0.7%,0.1%,2.0%,2.7%,,166.90,159.73,164.86,165.52,165.88,145.61,,161.54,154.98,162.84,162.00,164.89,146.64,146.80,149.77,153.78,,0.0285
Hertfordshire,Shire County,East,-1.5%,-2.3%,-1.9%,-0.6%,1.8%,-1.1%,2.4%,2.4%,2.2%,,806.42,791.54,803.05,794.00,808.33,726.87,,793.92,773.43,787.66,789.31,822.61,718.76,736.24,754.23,770.50,,0.0376
Hertsmere,Shire District,East,-7.7%,-6.4%,-1.7%,-2.6%,-1.9%,-0.3%,-5.0%,-5.8%,-0.2%,,15.02,13.08,13.05,13.53,13.25,12.63,,13.87,12.24,12.83,13.17,13.00,12.59,11.96,11.27,11.25,,-0.1077
High Peak,Shire District,East Midlands,-6.4%,-5.6%,-2.6%,-4.7%,-5.0%,-3.0%,-4.1%,-3.1%,1.0%,,12.58,11.10,10.76,11.14,10.67,9.69,,11.78,10.48,10.48,10.62,10.13,9.40,9.01,8.74,8.82,,-0.0988
Hillingdon,Outer London Borough,London,-3.1%,-3.1%,-0.7%,-2.2%,-1.0%,-2.9%,-2.3%,-2.4%,2.9%,,227.08,216.85,227.07,229.82,229.49,195.13,,220.02,210.19,225.43,224.71,227.19,189.56,185.20,180.84,186.16,,-0.0733
Hinckley and Bosworth,Shire District,East Midlands,-7.1%,-6.5%,-0.1%,-3.4%,-2.4%,5.8%,-2.5%,-1.5%,-2.5%,,11.72,10.26,10.48,11.05,10.70,10.25,,10.89,9.59,10.46,10.68,10.44,10.85,10.57,10.41,10.15,,0.0157
Horsham,Shire District,South East,-4.8%,-4.9%,-1.2%,2.0%,2.9%,7.2%,1.2%,1.8%,3.6%,,14.30,12.97,13.37,13.77,14.18,14.48,,13.61,12.34,13.22,14.05,14.60,15.53,15.72,16.00,16.58,,0.1050
Hounslow,Outer London Borough,London,-4.7%,-3.7%,-1.0%,-2.8%,-1.8%,-4.3%,0.6%,0.9%,3.2%,,220.09,206.68,213.11,214.50,211.84,179.24,,209.77,199.06,211.03,208.46,208.11,171.57,172.61,174.17,179.70,,-0.0283
Huntingdonshire,Shire District,East,-7.6%,-6.5%,3.2%,-3.8%,-2.3%,-2.0%,-9.9%,-6.3%,-4.0%,,20.64,18.00,19.21,21.24,20.47,19.67,,19.06,16.83,19.82,20.43,20.00,19.29,17.37,16.28,15.63,,-0.1727
Hyndburn,Shire District,North West,-8.8%,-8.8%,-8.8%,-6.2%,-6.4%,-5.1%,-3.3%,-3.3%,-1.9%,,18.80,16.23,14.92,14.44,13.62,12.20,,17.15,14.80,13.61,13.54,12.75,11.58,11.20,10.83,10.62,,-0.1126
Ipswich,Shire District,East,-5.3%,-2.7%,-1.0%,-3.6%,-4.4%,-1.5%,-6.0%,-2.2%,3.0%,,23.43,20.98,21.82,22.81,22.32,20.78,,22.18,20.41,21.61,21.98,21.34,20.46,19.24,18.82,19.39,,-0.0944
Isle of Wight Council,Unitary,South East,-3.9%,-3.2%,-2.2%,-3.0%,-1.6%,-1.8%,2.0%,2.5%,2.1%,,153.00,145.20,147.65,145.48,146.21,127.00,,147.02,140.53,144.44,141.05,143.91,124.67,127.20,130.41,133.14,,0.0269
Isles of Scilly,Shire CountyILLY,South West,-0.1%,0.2%,-1.4%,1.7%,1.0%,1.1%,2.3%,2.4%,1.6%,,4.62,4.61,4.90,5.01,5.12,4.78,,4.61,4.62,4.83,5.09,5.18,4.83,4.94,5.06,5.15,,0.0596
Islington,Inner London Borough,London,-8.8%,-4.3%,-0.1%,-4.3%,-4.8%,-2.9%,0.3%,-0.6%,1.1%,,305.30,274.31,294.01,297.73,288.03,231.02,,278.49,262.42,293.58,285.03,274.24,224.36,224.95,223.61,226.13,,-0.0321
Kensington and Chelsea,Inner London Borough,London,-5.3%,-4.3%,-2.2%,-4.5%,-2.9%,-5.1%,-1.3%,1.6%,1.2%,,217.42,203.63,215.76,215.16,208.32,166.94,,205.97,194.96,211.10,205.52,202.36,158.40,156.28,158.84,160.75,,-0.0485
Kent,Shire County,South East,-1.8%,-2.0%,-1.4%,-1.4%,0.6%,-1.7%,3.0%,3.1%,4.3%,,1019.48,997.66,1019.00,1009.25,1029.53,899.42,,1000.82,977.29,1004.90,995.13,1035.51,884.04,910.81,938.96,979.39,,0.0440
Kettering,Shire District,East Midlands,-6.4%,-5.4%,-0.3%,-2.4%,-1.6%,0.0%,-6.0%,-2.2%,2.0%,,13.56,12.02,12.52,13.25,13.00,12.43,,12.70,11.37,12.48,12.93,12.80,12.43,11.69,11.43,11.67,,-0.0799
King's Lynn and West Norfolk,Shire District,East,-8.7%,-7.3%,1.4%,-4.1%,-5.6%,-0.8%,-8.2%,-6.9%,-2.5%,,22.01,18.85,18.74,20.24,19.47,17.76,,20.08,17.47,18.99,19.42,18.37,17.62,16.18,15.06,14.68,,-0.1519
Kingston upon Hull,Unitary,Yorkshire and The Humber,-8.8%,-4.8%,-1.0%,-5.5%,-5.5%,-3.4%,3.1%,2.1%,2.4%,,291.77,262.18,269.63,271.82,263.01,206.25,,266.09,249.53,266.99,256.84,248.64,199.24,205.35,209.60,214.61,,0.0163
Kingston upon Thames,Outer London Borough,London,-2.6%,-2.6%,-2.0%,-1.0%,1.3%,-2.1%,0.1%,-3.0%,4.7%,,140.52,135.44,142.77,143.00,143.88,126.13,,136.91,131.93,139.85,141.55,145.80,123.42,123.58,119.87,125.44,,-0.0497
Kirklees,Metropolitan District,Yorkshire and The Humber,-4.3%,-3.4%,-1.0%,-3.3%,-2.3%,-3.1%,2.1%,2.8%,1.7%,,364.59,344.28,352.39,355.23,350.28,291.92,,349.06,332.56,348.82,343.35,342.09,283.00,288.82,296.88,302.07,,0.0170
Knowsley,Metropolitan District,North West,-8.8%,-6.5%,-1.3%,-5.6%,-5.8%,-4.2%,2.0%,2.2%,1.9%,,217.35,195.80,197.88,198.78,191.00,151.31,,198.22,183.02,195.41,187.58,179.97,144.92,147.82,151.02,153.85,,-0.0019
Lambeth,Inner London Borough,London,-7.7%,-4.5%,-0.9%,-5.0%,-4.8%,-3.1%,0.3%,2.2%,1.1%,,388.30,353.21,367.46,371.09,359.60,295.29,,358.42,337.31,364.01,352.37,342.44,286.05,286.79,293.00,296.10,,-0.0078
Lancashire,Shire County,North West,-3.1%,-2.8%,-1.9%,-2.6%,-0.5%,-2.9%,3.3%,3.8%,3.3%,,891.07,861.43,883.91,864.82,868.81,732.52,,863.75,837.46,867.33,842.15,864.46,711.36,735.05,763.08,788.12,,0.0417
Lancaster,Shire District,North West,-7.6%,-6.7%,-2.1%,-6.4%,-6.4%,-1.0%,-3.7%,-1.2%,-0.4%,,24.71,21.72,20.96,21.54,20.36,18.38,,22.84,20.26,20.52,20.15,19.05,18.20,17.52,17.31,17.24,,-0.0579
Leeds,Metropolitan District,Yorkshire and The Humber,-5.0%,-3.8%,-1.6%,-3.1%,-2.2%,-2.9%,1.8%,2.0%,2.2%,,679.21,636.95,646.58,651.67,645.96,538.27,,645.35,612.61,635.91,631.69,631.99,522.90,532.13,542.52,554.32,,0.0079
Leicester,Unitary,East Midlands,-6.7%,-3.5%,0.9%,-4.6%,-5.2%,-2.7%,1.2%,1.7%,1.9%,,345.94,318.44,325.81,335.17,327.51,266.71,,322.72,307.18,328.75,319.60,310.47,259.54,262.55,267.14,272.14,,0.0016
Leicestershire,Shire County,East Midlands,-1.8%,-2.1%,-1.6%,-0.6%,1.7%,-1.1%,3.1%,4.0%,4.4%,,393.49,385.24,394.11,390.71,399.49,353.44,,386.55,377.33,387.72,388.27,406.46,349.56,360.46,374.89,391.29,,0.0607
Lewes,Shire District,South East,-4.9%,-3.8%,-0.5%,-2.0%,-3.5%,-2.4%,-5.7%,-5.7%,2.2%,,13.23,11.87,12.21,12.83,12.52,11.86,,12.58,11.42,12.15,12.57,12.08,11.58,10.92,10.30,10.52,,-0.1320
Lewisham,Inner London Borough,London,-6.5%,-4.3%,-0.9%,-4.7%,-5.2%,-3.0%,2.0%,2.0%,2.7%,,335.89,308.90,314.78,320.18,310.59,252.05,,314.10,295.49,311.92,304.98,294.30,244.47,249.36,254.25,261.21,,0.0087
Lichfield,Shire District,West Midlands,-6.1%,-5.4%,-0.6%,-0.8%,-2.9%,-0.3%,-6.8%,-4.4%,7.4%,,11.61,10.28,10.44,11.03,10.96,10.57,,10.89,9.73,10.38,10.93,10.64,10.53,9.81,9.37,10.06,,-0.1128
Lincoln,Shire District,East Midlands,-7.3%,-6.2%,-1.6%,-2.8%,-5.1%,-2.6%,-7.8%,-5.7%,-2.9%,,16.84,14.70,15.05,15.74,15.20,13.80,,15.61,13.78,14.81,15.30,14.43,13.44,12.39,11.68,11.34,,-0.1539
Lincolnshire,Shire County,East Midlands,-2.7%,-2.6%,-1.2%,-2.5%,-0.4%,-1.3%,2.7%,3.4%,3.9%,,519.95,503.88,517.93,517.57,515.93,439.06,,505.77,490.95,511.87,504.42,514.10,433.45,445.32,460.40,478.57,,0.0486
Liverpool,Metropolitan District,North West,-8.8%,-7.1%,-1.3%,-5.5%,-5.7%,-2.2%,2.2%,2.0%,2.0%,,635.91,571.24,568.75,571.35,553.65,440.18,,579.95,530.46,561.51,540.19,522.33,430.29,439.82,448.65,457.82,,0.0192
Luton,Unitary,East,-5.5%,-3.2%,1.4%,-4.1%,-2.7%,-1.9%,0.6%,2.0%,1.8%,,184.34,171.95,175.76,179.93,174.78,144.32,,174.26,166.41,178.22,172.54,170.12,141.56,142.38,145.16,147.79,,0.0058
Maidstone,Shire District,South East,-4.3%,-3.6%,2.3%,0.3%,-1.1%,1.2%,-6.2%,-0.1%,7.3%,,22.13,20.17,21.85,23.42,23.59,23.01,,21.17,19.45,22.36,23.50,23.34,23.30,21.86,21.83,23.42,,-0.0513
Maldon,Shire District,East,-5.6%,-5.2%,-2.1%,-3.1%,-4.9%,-1.4%,-2.5%,-0.8%,5.8%,,8.67,7.78,7.70,7.98,7.77,7.23,,8.18,7.37,7.54,7.73,7.38,7.13,6.96,6.90,7.30,,-0.0455
Malvern Hills,Shire District,West Midlands,-6.9%,-6.5%,-0.7%,-1.5%,-1.8%,1.4%,-8.3%,-1.9%,3.3%,,9.44,8.33,8.70,9.46,9.03,8.78,,8.79,7.79,8.64,9.32,8.86,8.90,8.16,8.01,8.27,,-0.0877
Manchester,Metropolitan District,North West,-8.8%,-6.9%,-0.9%,-5.0%,-4.9%,-3.4%,1.6%,0.9%,2.7%,,623.20,560.86,560.00,566.40,552.42,436.99,,568.35,522.24,554.76,538.25,525.61,421.93,428.66,432.43,444.18,,-0.0104
Mansfield,Shire District,East Midlands,-8.8%,-6.4%,-2.0%,-5.3%,-5.6%,-3.7%,-4.9%,-6.9%,-4.2%,,16.81,14.30,13.97,14.60,13.89,12.55,,15.33,13.38,13.69,13.82,13.12,12.08,11.48,10.69,10.25,,-0.1480
Medway,Unitary,South East,-3.6%,-3.1%,-0.8%,-2.1%,-1.2%,-2.4%,-0.3%,1.5%,1.1%,,218.31,207.52,213.66,216.79,218.39,185.94,,210.51,201.16,212.05,212.25,215.87,181.48,180.93,183.70,185.77,,-0.0121
Melton,Shire District,East Midlands,-6.5%,-6.2%,-1.1%,-1.2%,-5.6%,0.7%,-10.8%,-5.0%,3.8%,,7.23,6.48,6.73,6.94,6.86,6.35,,6.76,6.08,6.65,6.86,6.48,6.39,5.70,5.41,5.62,,-0.1471
Mendip,Shire District,South West,-6.3%,-6.0%,0.8%,-2.3%,-2.8%,3.4%,-7.1%,-6.6%,0.8%,,14.24,12.54,13.03,13.90,13.70,13.02,,13.35,11.78,13.13,13.58,13.31,13.47,12.51,11.68,11.77,,-0.1034
Merton,Outer London Borough,London,-3.8%,-3.4%,-1.9%,-2.5%,-1.1%,-4.1%,-0.3%,-0.1%,2.6%,,176.03,167.24,170.45,170.14,168.89,146.25,,169.27,161.55,167.20,165.90,166.95,140.20,139.74,139.57,143.18,,-0.0456
Mid Devon,Shire District,South West,-6.6%,-6.2%,1.3%,0.0%,-2.6%,1.6%,-4.5%,-5.3%,2.6%,,11.36,10.10,10.03,10.83,10.95,10.39,,10.61,9.47,10.16,10.83,10.66,10.55,10.08,9.55,9.80,,-0.0811
Mid Suffolk,Shire District,East,-6.4%,-5.8%,1.1%,-0.4%,-1.0%,2.7%,-8.8%,-6.1%,2.2%,,11.78,10.53,10.99,11.64,11.69,11.47,,11.02,9.91,11.11,11.60,11.57,11.78,10.74,10.09,10.31,,-0.1208
Mid Sussex,Shire District,South East,-4.8%,-5.0%,1.1%,2.8%,1.2%,4.8%,-2.2%,-3.1%,2.1%,,15.00,13.61,14.11,15.06,15.54,15.52,,14.28,12.94,14.27,15.49,15.74,16.26,15.90,15.40,15.71,,-0.0079
Middlesbrough,Unitary,North East,-8.8%,-4.0%,-0.2%,-5.3%,-5.4%,-2.5%,1.6%,1.3%,2.3%,,169.13,151.97,160.63,164.14,158.36,122.88,,154.24,145.95,160.39,155.51,149.81,119.80,121.74,123.30,126.10,,0.0034
Milton Keynes,Unitary,South East,-3.4%,-2.8%,-0.5%,-2.2%,-1.5%,-2.0%,-0.1%,0.8%,1.7%,,207.41,197.56,203.60,207.64,206.71,182.67,,200.41,192.03,202.51,203.01,203.61,179.01,178.83,180.29,183.28,,-0.0130
Mole Valley,Shire District,South East,-4.1%,-3.9%,0.3%,-0.5%,-2.4%,-1.0%,-4.1%,-3.8%,5.2%,,10.09,9.23,9.45,9.95,9.90,9.54,,9.68,8.87,9.48,9.90,9.67,9.44,9.06,8.71,9.16,,-0.0867
New Forest,Shire District,South East,-6.0%,-5.3%,-2.9%,-2.3%,-3.9%,-3.4%,-6.7%,-5.4%,1.9%,,23.01,20.57,20.57,20.96,20.50,19.48,,21.63,19.49,19.97,20.48,19.70,18.82,17.56,16.61,16.92,,-0.1471
Newark and Sherwood,Shire District,East Midlands,-7.3%,-6.8%,-1.6%,-4.1%,-5.2%,-1.7%,-6.3%,-4.1%,-0.1%,,17.08,15.04,14.86,15.51,14.89,13.88,,15.82,14.02,14.63,14.88,14.12,13.64,12.79,12.26,12.25,,-0.1161
Newcastle upon Tyne,Metropolitan District,North East,-8.3%,-4.0%,-1.1%,-4.6%,-4.7%,-4.2%,2.0%,2.2%,1.4%,,339.42,307.84,315.08,315.13,306.13,249.54,,311.39,295.54,311.58,300.49,291.83,239.11,243.96,249.23,252.63,,-0.0012
Newcastle-under-Lyme,Shire District,West Midlands,-6.6%,-6.0%,-2.0%,-4.4%,-4.2%,-2.0%,-6.9%,-3.6%,-3.4%,,17.43,15.34,15.50,16.11,15.47,14.25,,16.27,14.42,15.19,15.40,14.82,13.96,13.00,12.54,12.11,,-0.1204
Newham,Outer London Borough,London,-8.8%,-6.6%,0.8%,-5.5%,-5.0%,-4.9%,-0.5%,1.1%,1.7%,,368.19,330.76,329.63,340.67,329.03,266.34,,335.79,308.84,332.30,322.07,312.54,253.16,251.96,254.84,259.18,,-0.0432
Norfolk,Shire County,East,-1.7%,-1.9%,-1.4%,-2.2%,-0.7%,-2.0%,3.1%,3.6%,2.6%,,696.01,682.29,702.26,695.88,696.90,606.33,,684.30,669.50,692.60,680.27,691.90,594.38,613.02,635.24,651.81,,0.0477
North Devon,Shire District,South West,-8.4%,-6.3%,-2.3%,-5.9%,-5.1%,0.2%,-5.0%,2.3%,0.6%,,14.55,12.51,12.39,12.90,12.25,11.26,,13.32,11.71,12.10,12.14,11.62,11.28,10.72,10.96,11.03,,-0.0267
North Dorset,Shire District,South West,-6.5%,-6.2%,3.8%,-2.8%,-0.9%,2.1%,-10.0%,-8.2%,..,,7.50,6.61,6.93,7.73,7.56,7.41,,7.01,6.20,7.19,7.51,7.49,7.57,6.81,6.25,..,,-0.1566
North East Derbyshire,Shire District,East Midlands,-6.3%,-6.1%,-2.7%,-5.9%,-6.4%,0.0%,-4.4%,-2.4%,0.1%,,13.23,11.73,11.56,11.89,11.23,10.43,,12.40,11.02,11.24,11.19,10.51,10.44,9.97,9.73,9.74,,-0.0672
North East Lincolnshire,Unitary,Yorkshire and The Humber,-8.8%,-4.3%,-1.6%,-3.9%,-3.5%,-3.3%,1.6%,1.7%,1.7%,,167.02,150.08,152.38,153.02,149.86,123.31,,152.32,143.65,149.88,146.98,144.64,119.28,121.17,123.24,125.32,,-0.0006
North Hertfordshire,Shire District,East,-5.2%,-4.9%,-1.1%,-1.1%,-2.0%,-1.6%,-6.9%,-2.3%,1.8%,,17.89,16.02,16.70,17.64,17.50,16.65,,16.96,15.23,16.51,17.44,17.15,16.39,15.27,14.92,15.19,,-0.1040
North Kesteven,Shire District,East Midlands,-7.7%,-6.4%,0.5%,-2.5%,-4.4%,4.2%,-9.0%,-3.7%,1.5%,,13.88,12.20,12.80,13.62,13.28,12.56,,12.82,11.42,12.86,13.28,12.70,13.09,11.92,11.48,11.65,,-0.0859
North Lincolnshire,Unitary,Yorkshire and The Humber,-4.1%,-3.2%,-1.4%,-3.3%,-2.2%,-3.3%,2.0%,1.5%,2.1%,,148.67,140.67,145.57,144.55,142.63,119.61,,142.60,136.14,143.53,139.84,139.50,115.64,117.95,119.77,122.28,,0.0013
North Norfolk,Shire District,East,-6.8%,-6.1%,-1.9%,-2.7%,-4.4%,1.0%,-7.7%,-3.3%,0.3%,,14.82,12.99,13.00,13.50,13.18,12.29,,13.81,12.21,12.76,13.14,12.60,12.41,11.45,11.07,11.11,,-0.0992
North Somerset,Unitary,South West,-2.4%,-2.4%,-2.0%,-1.6%,0.6%,-1.4%,1.7%,1.8%,1.4%,,169.70,163.43,168.44,168.00,170.92,149.83,,165.70,159.57,165.02,165.34,171.88,147.67,150.20,152.91,155.08,,0.0206
North Tyneside,Metropolitan District,North East,-4.4%,-3.8%,-1.8%,-3.6%,-2.3%,-3.6%,2.3%,2.1%,2.0%,,206.60,195.24,197.27,195.65,194.98,164.07,,197.55,187.87,193.81,188.65,190.59,158.11,161.78,165.11,168.37,,0.0063
North Warwickshire,Shire District,West Midlands,-6.7%,-6.4%,-2.5%,-4.4%,-4.7%,-2.3%,-4.5%,-3.0%,1.2%,,10.03,8.91,8.73,8.91,8.55,8.01,,9.35,8.35,8.51,8.52,8.15,7.82,7.47,7.25,7.33,,-0.0952
North West Leicestershire,Shire District,East Midlands,-6.6%,-6.4%,-0.5%,-1.8%,0.0%,1.0%,-2.4%,0.6%,3.2%,,12.78,11.30,11.22,11.75,11.66,11.28,,11.93,10.58,11.17,11.55,11.66,11.39,11.11,11.18,11.53,,-0.0087
North Yorkshire,Shire County,Yorkshire and The Humber,-2.1%,-2.2%,-2.0%,-1.3%,1.2%,0.4%,2.1%,2.5%,4.8%,,416.28,406.00,413.01,407.73,416.40,369.23,,407.67,397.17,404.73,402.26,421.43,370.82,378.44,388.02,406.83,,0.0509
Northampton,Shire District,East Midlands,-7.1%,-4.1%,-0.5%,-3.4%,-2.7%,-0.7%,-5.1%,-4.3%,-1.3%,,32.92,28.69,29.30,30.86,30.09,28.11,,30.60,27.51,29.16,29.81,29.28,27.91,26.50,25.35,25.01,,-0.0980
Northamptonshire,Shire County,East Midlands,-2.6%,-2.3%,-1.6%,-1.6%,0.5%,-1.5%,3.5%,3.9%,-2.2%,,471.05,457.14,467.70,463.28,471.02,408.38,,458.76,446.43,460.26,455.76,473.20,402.34,416.48,432.80,423.38,,0.0598
Northumberland,Unitary,North East,-5.7%,-3.2%,-1.8%,-2.9%,-0.8%,-1.9%,2.0%,2.6%,2.4%,,328.29,306.06,311.19,309.99,307.02,266.97,,309.58,296.39,305.56,301.01,304.54,261.85,266.97,273.80,280.41,,0.0256
Norwich,Shire District,East,-8.8%,-8.1%,-1.2%,-4.9%,-6.2%,-3.0%,-8.9%,-5.2%,-1.7%,,26.65,22.73,22.52,23.66,22.57,20.06,,24.30,20.88,22.24,22.50,21.16,19.46,17.73,16.81,16.52,,-0.1622
Nottingham,Unitary,East Midlands,-8.4%,-4.2%,0.0%,-5.1%,-5.3%,-4.2%,1.3%,2.9%,1.6%,,349.67,315.98,328.38,333.46,325.97,258.64,,320.20,302.74,328.27,316.54,308.80,247.89,251.21,258.47,262.50,,-0.0007
Nottinghamshire,Shire County,East Midlands,-2.7%,-2.6%,-2.2%,-2.0%,0.0%,-2.3%,3.3%,2.7%,3.2%,,576.35,559.36,576.14,567.81,572.53,491.62,,560.96,544.96,563.29,556.46,572.79,480.54,496.64,510.09,526.39,,0.0376
Nuneaton and Bedworth,Shire District,West Midlands,-6.6%,-4.7%,-1.0%,-4.0%,-5.6%,-1.0%,-4.1%,-3.6%,2.4%,,18.13,15.88,16.07,16.89,16.39,14.91,,16.93,15.13,15.92,16.21,15.47,14.75,14.15,13.64,13.97,,-0.0847
Oadby and Wigston,Shire District,East Midlands,-6.7%,-5.9%,-3.3%,-4.5%,-5.8%,-2.7%,-3.9%,-2.0%,-0.1%,,8.23,7.38,7.12,7.16,6.87,6.29,,7.69,6.94,6.88,6.84,6.48,6.12,5.88,5.76,5.75,,-0.0843
Oldham,Metropolitan District,North West,-8.0%,-3.7%,-1.1%,-4.4%,-4.3%,-3.9%,0.9%,0.9%,1.9%,,253.88,230.95,231.87,233.89,229.45,189.49,,233.69,222.45,229.34,223.61,219.50,182.19,183.91,185.62,189.20,,-0.0205
Oxford,Shire District,South East,-6.4%,-6.0%,-2.3%,-4.3%,-5.2%,-2.2%,-6.9%,-4.4%,-0.5%,,29.98,26.98,27.00,27.61,26.49,24.58,,28.06,25.35,26.38,26.42,25.11,24.04,22.38,21.40,21.29,,-0.1295
Oxfordshire,Shire County,South East,-1.9%,-2.4%,-2.3%,-0.8%,1.3%,-0.6%,2.7%,2.6%,3.8%,,465.87,455.74,469.03,463.24,473.04,423.37,,457.09,444.71,458.24,459.64,479.13,420.77,431.99,443.31,460.21,,0.0471
Pendle,Shire District,North West,-8.8%,-8.8%,-8.8%,-5.4%,-6.4%,-4.2%,-4.9%,-4.7%,-2.0%,,21.08,18.21,17.00,16.44,15.66,14.16,,19.22,16.61,15.50,15.55,14.66,13.57,12.91,12.30,12.05,,-0.1316
Peterborough,Unitary,East,-4.8%,-3.6%,0.9%,-2.8%,-2.4%,-1.9%,0.7%,2.2%,1.6%,,163.43,153.19,161.01,166.81,164.88,140.13,,155.57,147.71,162.40,162.10,160.93,137.44,138.46,141.52,143.76,,0.0099
Plymouth,Unitary,South West,-4.3%,-2.8%,-1.3%,-3.6%,-3.1%,-3.8%,2.1%,1.6%,2.3%,,241.37,227.87,230.58,235.05,231.58,194.49,,230.90,221.46,227.61,226.55,224.42,187.09,190.98,194.07,198.44,,-0.0022
Poole,Unitary,South West,-1.0%,-1.8%,-1.6%,-1.1%,1.6%,-1.5%,1.9%,2.9%,..,,112.11,109.70,114.11,114.12,115.85,101.38,,111.04,107.68,112.29,112.90,117.70,99.81,101.72,104.66,..,,0.0324
Portsmouth,Unitary,South East,-4.4%,-3.4%,-1.4%,-4.3%,-3.1%,-4.2%,2.0%,1.4%,2.3%,,190.57,179.46,188.74,189.37,185.34,150.30,,182.14,173.29,186.08,181.19,179.54,143.95,146.83,148.94,152.36,,-0.0091
Preston,Shire District,North West,-8.8%,-8.8%,-6.8%,-4.7%,-6.4%,-3.3%,-3.1%,0.2%,3.0%,,28.55,24.79,23.28,23.15,22.16,19.93,,26.04,22.60,21.71,22.06,20.74,19.27,18.67,18.70,19.26,,-0.0614
Purbeck,Shire District,South West,-5.4%,-4.7%,-1.8%,-3.3%,-4.9%,-0.2%,-4.5%,-2.6%,..,,6.41,5.75,5.77,6.04,5.84,5.48,,6.06,5.49,5.66,5.84,5.55,5.47,5.22,5.09,..,,-0.0723
Reading,Unitary,South East,-4.3%,-3.6%,-1.6%,-2.3%,-1.5%,-2.1%,2.9%,2.3%,2.4%,,146.65,138.68,142.33,143.40,143.74,125.49,,140.41,133.75,139.98,140.12,141.54,122.88,126.45,129.40,132.50,,0.0312
Redbridge,Outer London Borough,London,-2.6%,-2.8%,-0.4%,-3.3%,-2.3%,-2.6%,1.7%,2.2%,3.0%,,227.10,218.45,220.51,223.44,220.16,187.04,,221.21,212.37,219.62,216.00,215.05,182.14,185.26,189.26,194.87,,0.0118
Redcar and Cleveland,Unitary,North East,-8.5%,-3.6%,-0.9%,-4.0%,-3.5%,-4.2%,1.1%,1.3%,3.0%,,152.75,137.93,142.71,144.02,141.42,115.46,,139.83,132.91,141.39,138.23,136.49,110.58,111.83,113.33,116.73,,-0.0184
Redditch,Shire District,West Midlands,-7.2%,-5.6%,-2.4%,-3.2%,-5.0%,-1.1%,-4.1%,-3.6%,4.3%,,12.25,10.66,10.55,10.94,10.79,9.82,,11.36,10.06,10.30,10.59,10.25,9.71,9.31,8.98,9.36,,-0.0854
Reigate and Banstead,Shire District,South East,-4.5%,-2.9%,-1.2%,0.3%,1.8%,0.4%,-3.7%,-0.1%,0.2%,,18.46,16.78,17.87,18.75,18.88,18.77,,17.62,16.29,17.65,18.81,19.22,18.86,18.15,18.14,18.18,,-0.0338
Ribble Valley,Shire District,North West,-6.1%,-6.0%,-0.9%,-2.3%,-0.9%,4.3%,-0.6%,0.4%,2.7%,,7.19,6.49,6.38,6.58,6.50,6.32,,6.75,6.10,6.32,6.43,6.44,6.59,6.55,6.58,6.75,,0.0410
Richmond upon Thames,Outer London Borough,London,-0.6%,-1.6%,-1.4%,-0.7%,1.8%,-2.9%,-0.8%,-0.6%,5.4%,,167.70,165.10,172.30,172.05,174.38,158.08,,166.68,162.46,169.82,170.88,177.45,153.46,152.18,151.32,159.52,,-0.0428
Richmondshire,Shire District,Yorkshire and The Humber,-5.9%,-6.2%,2.8%,-3.2%,-3.1%,1.1%,-4.2%,-4.2%,1.3%,,7.91,7.18,7.07,7.58,7.40,7.04,,7.45,6.73,7.26,7.34,7.17,7.11,6.81,6.53,6.61,,-0.0719
Rochdale,Metropolitan District,North West,-8.8%,-4.7%,-1.9%,-4.3%,-4.2%,-3.5%,2.0%,1.2%,1.8%,,245.15,220.93,222.16,224.47,218.71,178.52,,223.58,210.58,218.02,214.75,209.54,172.28,175.65,177.68,180.94,,-0.0047
Rochford,Shire District,East,-4.8%,-3.7%,-2.5%,-2.8%,-0.5%,-0.7%,-5.0%,-0.6%,1.5%,,11.16,10.15,10.26,10.45,10.34,10.25,,10.62,9.77,10.00,10.16,10.29,10.17,9.67,9.61,9.75,,-0.0624
Rossendale,Shire District,North West,-8.8%,-7.9%,-3.5%,-3.6%,-4.7%,-3.3%,-4.7%,-3.0%,-0.2%,,12.32,10.60,10.14,10.27,9.95,9.34,,11.23,9.76,9.79,9.90,9.47,9.03,8.61,8.35,8.34,,-0.1064
Rother,Shire District,South East,-5.7%,-5.4%,-2.5%,-2.8%,-3.2%,-0.1%,-7.4%,-4.4%,0.8%,,13.91,12.39,12.58,12.96,12.57,11.85,,13.12,11.72,12.26,12.59,12.17,11.83,10.96,10.48,10.56,,-0.1157
Rotherham,Metropolitan District,Yorkshire and The Humber,-5.2%,-3.9%,-1.5%,-3.7%,-2.9%,-3.1%,2.3%,2.0%,1.6%,,256.36,239.87,242.99,244.43,239.84,200.51,,242.91,230.60,239.45,235.36,232.85,194.33,198.71,202.73,205.99,,0.0111
Rugby,Shire District,West Midlands,-6.4%,-5.6%,0.6%,-1.0%,-0.6%,3.1%,-6.4%,-4.6%,2.7%,,13.02,11.46,12.01,12.76,12.70,12.28,,12.19,10.82,12.09,12.63,12.62,12.66,11.86,11.32,11.62,,-0.0789
Runnymede,Shire District,South East,-6.4%,-6.0%,-1.0%,-2.7%,-4.1%,3.4%,-9.9%,-6.8%,8.4%,,10.35,9.16,9.57,10.01,9.73,9.18,,9.69,8.62,9.47,9.74,9.33,9.48,8.55,7.97,8.64,,-0.1313
Rushcliffe,Shire District,East Midlands,-6.3%,-5.7%,0.3%,-1.0%,-2.7%,-1.1%,-3.9%,-4.5%,5.4%,,12.40,11.10,11.16,11.86,11.75,11.23,,11.62,10.46,11.19,11.74,11.44,11.11,10.67,10.19,10.73,,-0.0931
Rushmoor,Shire District,South East,-7.2%,-5.3%,-1.1%,-1.9%,-3.2%,-1.5%,-7.9%,-3.7%,0.6%,,13.03,11.38,11.72,12.29,12.16,11.19,,12.09,10.78,11.59,12.06,11.78,11.02,10.15,9.77,9.84,,-0.1264
Rutland,Unitary,East Midlands,-2.2%,-2.4%,-1.9%,-1.0%,1.9%,2.5%,0.2%,2.6%,5.7%,,32.50,31.49,31.92,31.89,32.82,30.12,,31.78,30.73,31.31,31.57,33.44,30.87,30.93,31.72,33.53,,0.0531
Ryedale,Shire District,Yorkshire and The Humber,-6.2%,-6.2%,1.4%,0.0%,-2.5%,6.0%,-6.6%,-4.8%,0.1%,,8.37,7.52,7.60,8.13,8.26,7.92,,7.85,7.05,7.71,8.13,8.05,8.40,7.84,7.47,7.47,,-0.0576
Salford,Metropolitan District,North West,-8.8%,-3.9%,-0.2%,-3.7%,-3.7%,-2.3%,0.9%,2.0%,3.0%,,280.03,251.96,262.75,266.79,261.13,215.25,,255.39,242.01,262.21,257.00,251.57,210.36,212.26,216.42,222.88,,0.0054
Sandwell,Metropolitan District,West Midlands,-6.7%,-3.6%,0.2%,-4.8%,-4.9%,-3.7%,2.1%,1.6%,1.9%,,353.30,325.11,330.34,336.78,326.74,264.06,,329.61,313.41,331.15,320.72,310.71,254.17,259.54,263.66,268.64,,-0.0015
Scarborough,Shire District,Yorkshire and The Humber,-6.6%,-4.9%,-1.2%,-5.3%,-6.4%,-2.5%,-4.3%,-3.2%,-1.3%,,20.56,17.96,17.64,18.53,17.61,15.82,,19.21,17.08,17.42,17.56,16.48,15.42,14.75,14.28,14.08,,-0.0977
Sedgemoor,Shire District,South West,-7.1%,-6.6%,4.3%,-2.5%,-2.8%,2.1%,-8.7%,-9.2%,-2.4%,,15.17,13.19,14.02,15.69,15.35,14.59,,14.09,12.32,14.62,15.30,14.92,14.89,13.59,12.35,12.04,,-0.1538
Sefton,Metropolitan District,North West,-6.8%,-3.9%,-1.8%,-4.1%,-2.7%,-2.6%,2.2%,2.9%,2.0%,,289.03,266.26,273.71,271.59,267.28,219.53,,269.49,255.81,268.74,260.45,260.15,213.72,218.39,224.67,229.18,,0.0234
Selby,Shire District,Yorkshire and The Humber,-6.9%,-5.3%,1.4%,-1.0%,-3.5%,1.0%,-7.0%,-4.4%,5.3%,,11.44,10.17,10.74,11.39,11.33,10.87,,10.65,9.62,10.89,11.28,10.93,10.98,10.22,9.76,10.28,,-0.1021
Sevenoaks,Shire District,South East,-4.8%,-4.8%,-1.8%,-0.8%,-1.3%,-0.3%,-4.9%,-0.5%,2.9%,,15.79,14.37,14.65,15.10,15.11,14.85,,15.04,13.68,14.38,14.98,14.92,14.80,14.07,14.01,14.42,,-0.0569
Sheffield,Metropolitan District,Yorkshire and The Humber,-8.1%,-4.0%,-1.9%,-4.7%,-3.9%,-3.7%,1.4%,2.5%,1.6%,,582.68,529.43,536.02,535.17,519.18,430.51,,535.21,508.19,525.92,509.76,498.73,414.56,420.54,431.09,438.03,,0.0013
Shepway,Shire District,South East,-8.6%,-5.4%,-1.2%,-4.3%,-4.5%,-1.4%,-5.1%,-1.1%,3.7%,,20.22,17.46,17.69,18.30,17.61,16.46,,18.47,16.53,17.47,17.52,16.82,16.23,15.40,15.24,15.81,,-0.0742
Shropshire,Unitary,West Midlands,-2.9%,-2.7%,-0.6%,-1.9%,-0.3%,0.8%,0.8%,4.1%,3.2%,,254.01,243.83,248.65,249.94,250.65,220.86,,246.75,237.16,247.17,245.17,249.91,222.53,224.28,233.49,240.89,,0.0572
Slough,Unitary,South East,-4.9%,-3.6%,-1.2%,-3.8%,-2.6%,-1.8%,1.2%,1.3%,1.7%,,124.67,116.85,117.30,119.02,117.42,100.83,,118.61,112.59,115.94,114.48,114.31,98.98,100.20,101.48,103.19,,0.0064
Solihull,Metropolitan District,West Midlands,-3.5%,-3.1%,-2.4%,-2.1%,0.5%,-2.5%,2.1%,1.5%,2.4%,,173.71,165.66,169.04,166.52,167.03,144.60,,167.59,160.54,164.98,163.01,167.86,141.06,144.09,146.20,149.77,,0.0110
Somerset,Shire County,South West,-2.0%,-2.1%,-1.7%,-1.8%,0.5%,-0.6%,3.7%,3.7%,3.7%,,367.31,358.74,366.02,361.80,367.25,319.19,,359.93,351.09,359.65,355.34,369.17,317.21,329.10,341.34,353.83,,0.0694
South Bucks,Shire District,South East,-4.4%,-4.8%,-1.8%,2.1%,-1.0%,-0.7%,-6.5%,-6.1%,1.7%,,7.94,7.26,7.65,7.82,8.01,7.81,,7.59,6.92,7.51,7.98,7.93,7.76,7.26,6.81,6.93,,-0.1281
South Cambridgeshire,Shire District,East,-6.7%,-5.6%,3.3%,-0.5%,2.1%,4.7%,-9.7%,-4.8%,-0.2%,,14.65,13.02,14.42,15.73,15.68,15.96,,13.67,12.29,14.89,15.65,16.00,16.71,15.08,14.36,14.34,,-0.1003
South Derbyshire,Shire District,East Midlands,-7.2%,-6.7%,-0.5%,-1.9%,-1.5%,0.3%,-4.7%,0.7%,5.6%,,12.18,10.79,11.33,11.78,11.54,11.11,,11.31,10.07,11.27,11.55,11.36,11.15,10.62,10.69,11.30,,-0.0380
South Gloucestershire,Unitary,South West,-2.4%,-2.2%,-1.8%,-0.8%,0.8%,-0.3%,0.3%,2.0%,1.6%,,209.89,202.51,204.90,202.27,207.40,187.72,,204.82,198.03,201.19,200.61,209.13,187.16,187.70,191.54,194.67,,0.0203
South Hams,Shire District,South West,-5.7%,-5.4%,0.0%,-1.2%,-2.1%,3.8%,-8.8%,-2.3%,4.6%,,10.70,9.49,9.97,10.75,10.74,10.26,,10.08,8.97,9.98,10.62,10.51,10.65,9.71,9.49,9.92,,-0.0756
South Holland,Shire District,East Midlands,-8.5%,-6.8%,0.5%,-5.2%,-6.2%,0.4%,-6.5%,-3.7%,-0.9%,,14.05,12.20,12.11,12.75,12.15,11.07,,12.85,11.38,12.17,12.09,11.40,11.11,10.38,10.00,9.91,,-0.0964
South Kesteven,Shire District,East Midlands,-7.0%,-6.3%,2.1%,-2.2%,-2.5%,1.9%,-7.9%,-7.2%,-1.1%,,16.87,14.79,15.43,16.92,16.45,15.65,,15.69,13.86,15.76,16.55,16.04,15.96,14.69,13.63,13.48,,-0.1292
South Lakeland,Shire District,North West,-5.3%,-5.1%,-2.6%,-2.9%,-1.9%,0.7%,-2.0%,-1.2%,0.4%,,14.83,13.49,13.06,13.37,12.95,12.47,,14.04,12.80,12.72,12.99,12.71,12.55,12.30,12.15,12.20,,-0.0254
South Norfolk,Shire District,East,-6.6%,-6.4%,2.8%,0.1%,1.1%,3.4%,-7.0%,-2.7%,1.5%,,14.97,13.22,14.45,15.61,15.71,15.70,,13.98,12.38,14.86,15.62,15.88,16.24,15.10,14.69,14.91,,-0.0648
South Northamptonshire,Shire District,East Midlands,-6.5%,-6.2%,0.0%,-1.8%,-0.1%,3.8%,-1.8%,-0.4%,6.4%,,11.57,10.45,10.70,11.08,10.87,10.84,,10.81,9.80,10.70,10.88,10.86,11.25,11.05,11.01,11.71,,0.0155
South Oxfordshire,Shire District,South East,-6.4%,-5.8%,0.2%,0.7%,1.5%,0.5%,-4.1%,-7.9%,-2.5%,,14.59,13.03,12.97,13.43,13.39,13.30,,13.66,12.28,12.99,13.53,13.59,13.37,12.83,11.81,11.51,,-0.1124
South Ribble,Shire District,North West,-5.8%,-5.3%,-2.0%,-4.4%,-2.1%,-0.1%,-4.9%,-3.0%,0.4%,,14.68,13.14,13.02,13.31,12.78,12.29,,13.84,12.44,12.76,12.73,12.50,12.28,11.68,11.33,11.37,,-0.0782
South Somerset,Shire District,South West,-7.5%,-5.0%,2.0%,1.0%,-3.4%,1.4%,-6.3%,-10.7%,2.0%,,19.70,17.02,17.95,19.42,19.79,18.63,,18.22,16.16,18.32,19.61,19.11,18.90,17.70,15.80,16.12,,-0.1519
South Staffordshire,Shire District,West Midlands,-6.8%,-6.4%,-0.2%,-2.9%,-5.0%,-0.7%,-7.3%,-6.5%,-3.3%,,10.46,9.11,9.21,9.77,9.59,8.85,,9.74,8.52,9.19,9.49,9.11,8.79,8.15,7.62,7.37,,-0.1387
South Tyneside,Metropolitan District,North East,-8.8%,-5.6%,-1.2%,-4.7%,-3.8%,-4.1%,2.3%,1.7%,2.1%,,188.69,170.07,172.27,172.94,168.48,136.84,,172.09,160.58,170.28,164.75,162.03,131.28,134.30,136.57,139.41,,-0.0019
Southampton,Unitary,South East,-4.4%,-3.2%,-1.3%,-3.9%,-2.9%,-3.3%,3.3%,3.1%,2.1%,,220.19,207.83,215.17,215.43,212.56,176.94,,210.59,201.08,212.47,207.04,206.46,171.02,176.69,182.08,185.92,,0.0290
Southend-on-Sea,Unitary,East,-3.5%,-3.2%,-1.2%,-2.8%,-2.2%,-2.9%,2.5%,1.9%,3.4%,,156.31,148.62,149.55,152.18,150.96,127.65,,150.78,143.94,147.81,147.91,147.59,123.98,127.05,129.47,133.83,,0.0143
Southwark,Inner London Borough,London,-8.4%,-4.6%,-0.7%,-4.8%,-5.7%,-3.6%,0.8%,2.5%,2.4%,,398.91,360.21,366.91,371.21,358.13,292.92,,365.25,343.52,364.16,353.47,337.72,282.50,284.86,291.98,298.93,,-0.0032
Spelthorne,Shire District,South East,-5.4%,-4.0%,0.4%,-1.3%,-2.0%,-0.5%,-5.3%,-3.1%,2.2%,,12.53,11.24,11.59,12.10,11.97,11.61,,11.86,10.78,11.63,11.93,11.74,11.55,10.94,10.61,10.85,,-0.0857
St Albans,Shire District,East,-5.6%,-4.6%,-0.4%,1.3%,0.1%,-0.8%,-8.3%,-8.6%,1.8%,,18.12,16.41,16.87,17.53,17.78,17.41,,17.10,15.65,16.79,17.75,17.80,17.28,15.84,14.47,14.73,,-0.1691
St Edmundsbury,Shire District,East,-6.0%,-5.1%,-0.2%,-4.1%,-3.6%,1.6%,-4.9%,-4.9%,..,,13.60,12.07,12.26,12.90,12.36,11.64,,12.79,11.45,12.24,12.37,11.91,11.82,11.24,10.69,..,,-0.0813
St Helens,Metropolitan District,North West,-8.8%,-5.0%,-0.9%,-4.5%,-2.9%,-3.1%,2.8%,2.4%,1.7%,,192.17,172.99,175.42,176.15,172.56,140.63,,175.26,164.41,173.76,168.31,167.59,136.20,140.02,143.44,145.83,,0.0200
Stafford,Shire District,West Midlands,-6.3%,-5.8%,-0.6%,-1.5%,-3.9%,1.7%,-1.1%,-1.2%,6.9%,,15.16,13.51,13.40,14.12,13.79,12.90,,14.20,12.73,13.32,13.91,13.25,13.11,12.97,12.81,13.69,,-0.0069
Staffordshire,Shire County,West Midlands,-2.0%,-2.1%,-1.7%,-1.8%,0.7%,-2.4%,3.7%,3.6%,2.7%,,543.32,530.95,545.66,540.51,545.84,469.80,,532.65,519.83,536.44,531.04,549.48,458.54,475.50,492.45,505.54,,0.0482
Staffordshire Moorlands,Shire District,West Midlands,-7.9%,-6.5%,-3.5%,-3.7%,-4.9%,-2.7%,-7.1%,-3.6%,-3.3%,,13.05,11.47,11.24,11.39,11.01,10.19,,12.01,10.73,10.85,10.96,10.46,9.91,9.20,8.87,8.58,,-0.1292
Stevenage,Shire District,East,-6.4%,-4.6%,-0.6%,-3.9%,-4.6%,-1.2%,-4.9%,-1.8%,-2.2%,,12.43,10.90,11.20,11.83,11.39,10.31,,11.64,10.39,11.13,11.37,10.87,10.18,9.68,9.51,9.30,,-0.0773
Stockport,Metropolitan District,North West,-2.8%,-2.7%,-1.8%,-2.5%,-1.0%,-2.5%,2.4%,1.5%,2.6%,,254.97,245.03,248.70,248.93,248.34,214.04,,247.81,238.43,244.10,242.65,245.95,208.62,213.65,216.94,222.49,,0.0135
Stockton-on-Tees,Unitary,North East,-7.2%,-3.8%,-0.6%,-3.3%,-1.9%,-2.7%,1.5%,2.5%,2.0%,,177.88,162.81,169.70,171.86,171.54,141.57,,165.02,156.67,168.68,166.17,168.22,137.75,139.77,143.24,146.12,,0.0118
Stoke-on-Trent,Unitary,West Midlands,-8.1%,-3.1%,0.2%,-4.6%,-4.0%,-5.4%,1.4%,1.8%,2.0%,,267.50,242.67,253.80,257.93,251.21,202.09,,245.90,235.23,254.33,246.07,241.11,191.10,193.84,197.31,201.21,,-0.0236
Stratford-on-Avon,Shire District,West Midlands,-5.7%,-5.3%,0.6%,-0.9%,-0.3%,5.8%,0.1%,3.9%,8.0%,,13.80,12.28,12.40,13.15,13.13,12.83,,13.02,11.63,12.47,13.03,13.08,13.57,13.58,14.11,15.24,,0.1000
Stroud,Shire District,South West,-6.3%,-5.6%,-1.4%,-1.1%,-0.1%,3.1%,-5.7%,-3.5%,0.3%,,15.42,13.74,14.02,14.53,14.42,14.25,,14.45,12.97,13.82,14.36,14.41,14.70,13.86,13.38,13.42,,-0.0614
Suffolk,Shire County,East,-2.4%,-2.4%,-1.9%,-2.0%,-0.1%,-3.0%,1.9%,2.6%,3.1%,,537.85,523.11,535.54,528.60,531.45,461.84,,524.75,510.70,525.59,517.99,530.97,448.18,456.51,468.55,483.17,,0.0145
Suffolk Coastal,Shire District,East,-7.3%,-4.9%,-1.8%,-2.0%,-4.0%,2.3%,-2.7%,-1.6%,..,,15.80,13.89,13.96,14.47,14.19,13.38,,14.65,13.21,13.72,14.18,13.62,13.69,13.32,13.11,..,,-0.0202
Sunderland,Metropolitan District,North East,-8.8%,-4.0%,-1.2%,-4.7%,-4.0%,-3.7%,2.5%,1.8%,2.1%,,318.62,286.56,296.79,298.25,289.18,233.54,,290.58,275.00,293.26,284.35,277.55,224.82,230.44,234.58,239.50,,0.0045
Surrey,Shire County,South East,-0.3%,-1.5%,0.2%,0.2%,3.2%,-0.5%,1.5%,1.8%,4.0%,,826.03,821.50,835.62,846.00,869.87,813.87,,823.53,808.83,837.13,847.53,897.59,809.97,822.45,837.36,870.49,,0.0289
Surrey Heath,Shire District,South East,-4.5%,-4.4%,-1.2%,-0.3%,-0.7%,-1.8%,-2.7%,-1.0%,0.3%,,11.90,10.92,11.00,11.38,11.42,11.18,,11.36,10.45,10.87,11.34,11.35,10.97,10.67,10.56,10.59,,-0.0550
Sutton,Outer London Borough,London,-2.8%,-2.6%,-1.9%,-2.3%,-0.6%,-2.3%,-0.6%,0.8%,2.3%,,175.89,168.90,172.05,170.55,170.95,152.88,,170.96,164.59,168.73,166.65,169.95,149.39,148.45,149.57,152.95,,-0.0217
Swale,Shire District,South East,-7.8%,-6.7%,-0.5%,-3.6%,-4.1%,-1.1%,-6.5%,-4.0%,-1.1%,,20.18,17.42,17.84,18.84,18.18,16.77,,18.60,16.25,17.75,18.16,17.43,16.58,15.51,14.89,14.72,,-0.1124
Swindon,Unitary,South West,-2.4%,-2.3%,-0.6%,-1.3%,0.0%,-1.4%,1.4%,1.3%,3.4%,,159.57,153.61,161.47,163.33,164.08,143.56,,155.70,150.12,160.54,161.17,164.11,141.59,143.53,145.37,150.34,,0.0126
Tameside,Metropolitan District,North West,-6.2%,-3.5%,-1.0%,-4.0%,-3.6%,-3.6%,2.7%,1.9%,2.6%,,222.55,205.84,208.16,212.30,207.19,171.70,,208.67,198.54,206.13,203.80,199.68,165.54,169.97,173.21,177.70,,0.0088
Tamworth,Shire District,West Midlands,-7.0%,-6.5%,-2.0%,-5.7%,-6.4%,-4.1%,-7.2%,-3.7%,1.7%,,10.19,8.91,8.73,9.14,8.66,7.74,,9.48,8.33,8.56,8.62,8.11,7.42,6.88,6.63,6.74,,-0.1438
Tandridge,Shire District,South East,-3.9%,-4.1%,-0.1%,0.1%,-0.4%,-0.5%,-3.0%,-4.1%,3.3%,,11.60,10.72,11.07,11.52,11.56,11.27,,11.15,10.28,11.06,11.53,11.52,11.21,10.87,10.43,10.77,,-0.0747
Taunton Deane,Shire District,South West,-7.3%,-5.4%,2.7%,-1.2%,0.7%,2.9%,0.5%,-3.3%,..,,13.54,11.72,12.38,13.53,13.43,12.99,,12.55,11.10,12.72,13.36,13.53,13.37,13.44,13.00,..,,0.0005
Teignbridge,Shire District,South West,-6.3%,-6.0%,-1.0%,-1.4%,0.0%,1.7%,-4.7%,-3.2%,-1.1%,,17.13,15.09,15.41,16.11,15.94,15.67,,16.05,14.18,15.25,15.88,15.94,15.94,15.19,14.71,14.55,,-0.0614
Telford and the Wrekin,Unitary,West Midlands,-4.2%,-3.4%,-0.4%,-3.2%,-2.5%,-1.9%,2.3%,1.5%,3.1%,,152.62,144.22,149.62,152.00,150.44,125.29,,146.27,139.28,149.02,147.07,146.72,122.97,125.85,127.78,131.81,,0.0199
Tendring,Shire District,East,-7.1%,-6.5%,-1.2%,-6.2%,-6.4%,-2.5%,-5.2%,-2.8%,-1.7%,,21.93,18.80,18.46,19.65,18.56,16.68,,20.38,17.59,18.24,18.43,17.37,16.26,15.42,14.98,14.72,,-0.1020
Test Valley,Shire District,South East,-6.5%,-6.3%,2.2%,3.6%,1.1%,6.8%,-0.6%,-7.4%,2.8%,,13.28,11.73,12.10,13.19,13.71,13.56,,12.42,10.99,12.36,13.67,13.86,14.48,14.39,13.33,13.70,,-0.0167
Tewkesbury,Shire District,South West,-6.8%,-6.3%,0.8%,1.6%,3.2%,5.1%,-3.2%,1.3%,1.9%,,8.58,7.47,8.08,8.62,8.79,8.88,,7.99,7.00,8.14,8.76,9.07,9.34,9.05,9.16,9.34,,0.0316
Thanet,Shire District,South East,-8.8%,-8.8%,-4.0%,-4.3%,-5.3%,-2.2%,-7.8%,-4.9%,-2.7%,,25.81,21.76,21.26,22.03,21.37,19.25,,23.54,19.84,20.41,21.08,20.23,18.83,17.37,16.51,16.07,,-0.1422
Three Rivers,Shire District,East,-6.4%,-6.1%,-1.5%,-2.8%,-0.2%,1.3%,-5.2%,-6.0%,-0.7%,,12.20,10.88,10.73,11.11,10.81,10.56,,11.42,10.21,10.57,10.80,10.79,10.70,10.15,9.54,9.48,,-0.0962
Thurrock,Unitary,East,-2.4%,-2.3%,-1.9%,-3.2%,-2.1%,-3.0%,2.6%,1.7%,1.7%,,137.88,132.80,136.36,136.86,136.47,115.49,,134.58,129.79,133.79,132.48,133.68,112.02,114.97,116.92,118.96,,0.0124
Tonbridge and Malling,Shire District,South East,-4.8%,-4.3%,0.4%,1.1%,0.3%,2.1%,-3.2%,2.0%,4.6%,,14.97,13.47,14.54,15.30,15.68,15.61,,14.25,12.90,14.60,15.46,15.73,15.94,15.44,15.75,16.48,,0.0091
Torbay,Unitary,South West,-3.4%,-3.1%,-2.1%,-3.5%,-2.8%,-3.0%,2.9%,3.0%,2.1%,,140.12,133.31,136.81,138.65,136.17,113.52,,135.31,129.13,133.97,133.84,132.30,110.06,113.27,116.73,119.14,,0.0282
Torridge,Shire District,South West,-7.0%,-6.7%,1.7%,-4.4%,-4.3%,5.0%,-5.9%,-3.9%,-2.6%,,10.03,8.79,9.08,9.85,9.43,8.81,,9.32,8.21,9.23,9.41,9.03,9.25,8.70,8.36,8.14,,-0.0504
Tower Hamlets,Inner London Borough,London,-8.8%,-6.2%,0.1%,-4.7%,-4.8%,-2.2%,0.6%,1.0%,2.0%,,376.02,337.36,358.69,368.29,354.93,284.33,,342.93,316.53,358.94,351.11,338.00,277.96,279.60,282.34,288.11,,-0.0070
Trafford,Metropolitan District,North West,-3.8%,-3.5%,-2.4%,-2.8%,-0.6%,-3.7%,1.9%,2.2%,2.5%,,185.61,176.38,178.71,176.48,175.87,149.14,,178.54,170.29,174.34,171.61,174.90,143.59,146.35,149.53,153.27,,0.0027
Tunbridge Wells,Shire District,South East,-6.4%,-4.9%,1.9%,-3.8%,-4.4%,1.1%,-5.3%,-1.2%,4.7%,,13.37,11.80,12.17,13.07,12.71,11.88,,12.51,11.23,12.40,12.57,12.16,12.01,11.38,11.25,11.77,,-0.0535
Uttlesford,Shire District,East,-5.6%,-5.0%,6.9%,4.9%,3.1%,5.5%,-6.6%,-7.5%,4.7%,,9.12,8.24,9.33,10.36,10.86,10.97,,8.61,7.83,9.97,10.87,11.19,11.57,10.81,10.00,10.47,,-0.0884
Vale of White Horse,Shire District,South East,-7.0%,-6.4%,-1.2%,1.0%,0.2%,4.3%,0.6%,0.2%,7.8%,,12.99,11.41,11.93,12.37,12.49,12.36,,12.08,10.67,11.79,12.49,12.51,12.89,12.97,13.00,14.01,,0.0515
Wakefield,Metropolitan District,Yorkshire and The Humber,-4.7%,-3.8%,-1.8%,-3.6%,-1.8%,-2.8%,2.7%,4.2%,3.5%,,298.78,280.54,290.22,292.70,287.77,238.57,,284.61,269.97,285.06,282.23,282.46,231.79,238.13,248.17,256.81,,0.0402
Walsall,Metropolitan District,West Midlands,-6.6%,-3.6%,-0.7%,-4.2%,-3.8%,-2.7%,2.0%,1.5%,2.5%,,295.92,272.52,275.66,276.92,270.77,228.57,,276.49,262.81,273.69,265.37,260.56,222.30,226.75,230.24,236.03,,0.0073
Waltham Forest,Outer London Borough,London,-5.2%,-3.7%,0.8%,-4.3%,-4.0%,-2.3%,1.4%,0.8%,2.2%,,256.28,239.42,240.69,247.68,243.89,206.57,,242.93,230.55,242.67,237.12,234.05,201.88,204.74,206.42,210.97,,-0.0007
Wandsworth,Inner London Borough,London,-6.4%,-4.6%,-0.1%,-5.1%,-3.1%,-2.1%,2.5%,1.0%,2.4%,,246.76,227.03,241.31,245.82,237.89,183.31,,230.84,216.63,241.03,233.32,230.57,179.47,184.01,185.82,190.26,,0.0137
Warrington,Unitary,North West,-3.5%,-3.1%,-1.7%,-1.8%,-0.3%,-1.9%,2.0%,1.7%,1.7%,,160.97,153.50,158.18,157.81,159.35,136.83,,155.34,148.71,155.56,155.03,158.84,134.18,136.84,139.16,141.54,,0.0170
Warwick,Shire District,West Midlands,-6.4%,-5.1%,-2.6%,-4.5%,-3.9%,0.8%,-4.4%,3.6%,7.4%,,17.79,15.79,16.13,16.41,15.77,14.86,,16.64,14.99,15.71,15.67,15.15,14.97,14.31,14.82,15.92,,-0.0022
Warwickshire,Shire County,West Midlands,-1.3%,-1.7%,-2.1%,-1.3%,0.6%,-1.0%,2.7%,3.2%,4.6%,,383.84,377.59,392.01,384.92,393.90,347.90,,378.74,371.23,383.60,380.09,396.21,344.26,353.56,365.00,381.90,,0.0491
Watford,Shire District,East,-6.4%,-5.6%,-0.1%,0.2%,-1.5%,-3.0%,-11.4%,-8.8%,0.8%,,16.30,14.51,15.69,16.41,16.56,15.85,,15.25,13.70,15.68,16.45,16.31,15.38,13.62,12.42,12.52,,-0.2163
Waveney,Shire District,East,-7.6%,-6.7%,-1.7%,-5.1%,-6.3%,-3.2%,-7.1%,-5.3%,..,,17.65,15.19,14.90,15.67,14.89,13.31,,16.31,14.18,14.65,14.88,13.95,12.88,11.96,11.32,..,,-0.1491
Waverley,Shire District,South East,-4.7%,-4.4%,-1.4%,-0.6%,-1.6%,1.7%,-5.2%,-3.3%,3.0%,,14.86,13.52,13.87,14.22,14.20,13.73,,14.16,12.92,13.67,14.14,13.96,13.96,13.23,12.80,13.18,,-0.0682
Wealden,Shire District,South East,-4.9%,-5.0%,1.8%,0.6%,1.5%,2.2%,-7.5%,-7.2%,-0.1%,,19.14,17.41,18.45,19.70,19.82,20.14,,18.20,16.53,18.79,19.82,20.12,20.58,19.04,17.67,17.65,,-0.1229
Wellingborough,Shire District,East Midlands,-7.6%,-7.0%,-1.6%,-5.3%,-6.4%,1.1%,-4.7%,-2.3%,-0.9%,,10.36,8.88,8.85,9.32,8.84,8.05,,9.57,8.26,8.71,8.83,8.28,8.14,7.76,7.59,7.52,,-0.0579
Welwyn Hatfield,Shire District,East,-5.3%,-2.4%,-0.5%,-3.2%,-3.3%,-1.6%,-3.8%,-3.9%,1.8%,,15.99,14.33,14.81,15.50,15.06,14.33,,15.14,13.99,14.74,15.01,14.57,14.10,13.57,13.04,13.28,,-0.0898
West Berkshire,Unitary,South East,-2.1%,-2.4%,-1.9%,-0.5%,1.8%,-1.2%,1.3%,1.2%,4.2%,,126.46,122.41,123.98,123.99,125.87,115.33,,123.82,119.45,121.66,123.36,128.10,114.00,115.43,116.86,121.79,,0.0133
West Devon,Shire District,South West,-6.2%,-5.8%,1.4%,-2.0%,-3.0%,3.8%,-12.8%,-3.4%,1.4%,,8.37,7.49,8.17,8.74,8.61,8.29,,7.85,7.05,8.29,8.56,8.36,8.61,7.51,7.25,7.36,,-0.1251
West Dorset,Shire District,South West,-7.7%,-6.6%,-0.9%,-2.2%,-3.2%,2.1%,-5.9%,-3.8%,..,,13.89,12.16,12.17,12.81,12.58,12.03,,12.83,11.37,12.06,12.52,12.17,12.28,11.56,11.12,..,,-0.0762
West Lancashire,Shire District,North West,-6.7%,-6.2%,-1.2%,-3.6%,-5.0%,-2.4%,-3.1%,-4.8%,-2.0%,,16.46,14.51,14.05,14.71,14.22,13.05,,15.35,13.61,13.89,14.19,13.51,12.74,12.34,11.75,11.51,,-0.1002
West Lindsey,Shire District,East Midlands,-7.2%,-6.4%,0.4%,-2.7%,-3.6%,3.1%,-8.6%,-4.9%,-3.2%,,14.11,12.40,12.65,13.53,13.09,12.44,,13.09,11.61,12.70,13.15,12.61,12.82,11.72,11.15,10.80,,-0.1032
West Oxfordshire,Shire District,South East,-6.8%,-5.3%,3.1%,-2.0%,-3.8%,2.7%,-5.3%,-3.3%,2.6%,,9.52,8.28,8.65,9.51,9.32,8.78,,8.87,7.83,8.92,9.32,8.96,9.02,8.54,8.26,8.47,,-0.0591
West Somerset,Shire District,South West,-8.8%,-7.5%,1.2%,-5.2%,-5.9%,3.0%,-6.5%,-2.4%,..,,5.46,4.64,4.60,5.03,4.82,4.45,,4.98,4.29,4.66,4.77,4.53,4.58,4.28,4.18,..,,-0.0604
West Sussex,Shire County,South East,-0.7%,-1.7%,-1.8%,-0.3%,2.6%,-0.5%,2.5%,2.3%,4.8%,,563.92,558.77,576.45,570.78,584.62,523.20,,560.25,549.46,565.81,569.04,600.08,520.46,533.47,545.99,572.20,,0.0436
Westminster,Inner London Borough,London,-7.2%,-5.0%,-0.9%,-5.6%,-5.2%,-3.7%,-0.5%,0.3%,1.2%,,290.91,266.62,286.72,289.25,277.59,212.14,,269.91,253.20,284.10,273.00,263.24,204.19,203.26,203.85,206.28,,-0.0390
Weymouth and Portland,Shire District,South West,-5.8%,-5.5%,-3.5%,-2.1%,-3.6%,-2.6%,-6.0%,-4.2%,..,,12.11,10.76,10.70,11.05,10.91,10.13,,11.41,10.16,10.32,10.82,10.52,9.87,9.28,8.89,..,,-0.1222
Wigan,Metropolitan District,North West,-6.4%,-3.4%,-1.7%,-3.6%,-2.3%,-4.8%,1.8%,1.3%,2.0%,,297.74,275.13,286.70,288.09,283.71,229.95,,278.62,265.69,281.75,277.77,277.14,218.88,222.90,225.88,230.46,,-0.0177
Wiltshire,Unitary,South West,-2.3%,-2.6%,-1.2%,-0.6%,1.4%,1.3%,0.6%,2.9%,2.7%,,366.55,354.10,362.34,360.81,368.14,333.25,,358.24,344.95,358.03,358.70,373.25,337.51,339.63,349.39,358.78,,0.0485
Winchester,Shire District,South East,-6.0%,-3.6%,0.4%,-0.1%,1.0%,0.7%,-6.2%,-4.8%,5.4%,,13.21,11.85,12.87,13.49,13.47,13.36,,12.43,11.41,12.93,13.48,13.60,13.46,12.63,12.01,12.67,,-0.1010
Windsor and Maidenhead,Unitary,South East,-1.1%,-1.8%,-1.6%,-0.3%,2.5%,-0.8%,0.8%,0.2%,3.9%,,98.21,96.04,96.46,94.33,95.36,86.21,,97.16,94.30,94.92,94.02,97.79,85.54,86.22,86.36,89.76,,0.0017
Wirral,Metropolitan District,North West,-7.4%,-4.1%,-2.0%,-4.2%,-2.5%,-3.9%,2.2%,2.7%,1.5%,,349.49,319.42,330.22,328.86,322.05,260.04,,323.49,306.36,323.55,315.02,314.08,249.96,255.42,262.27,266.16,,0.0086
Woking,Shire District,South East,-6.7%,-5.2%,-2.4%,-0.4%,-2.8%,0.6%,-3.3%,-0.6%,2.3%,,15.17,13.57,13.79,14.17,14.13,13.52,,14.15,12.86,13.46,14.10,13.74,13.59,13.14,13.07,13.37,,-0.0334
Wokingham,Unitary,South East,-0.6%,-1.5%,-1.3%,0.3%,2.6%,0.1%,0.9%,4.2%,6.3%,,114.52,112.83,115.63,116.10,120.12,111.58,,113.78,111.14,114.11,116.43,123.30,111.65,112.61,117.32,124.73,,0.0515
Wolverhampton,Metropolitan District,West Midlands,-7.0%,-3.6%,-0.8%,-4.7%,-4.7%,-3.8%,1.4%,1.7%,2.4%,,292.18,268.12,275.84,279.18,272.07,222.83,,271.79,258.51,273.70,265.96,259.19,214.41,217.33,220.98,226.20,,-0.0083
Worcester,Shire District,West Midlands,-6.0%,-4.8%,0.4%,-2.3%,-4.3%,1.8%,-4.2%,-5.6%,-0.4%,,12.75,11.18,11.48,12.29,12.08,11.06,,11.99,10.64,11.53,12.01,11.56,11.25,10.78,10.18,10.14,,-0.0794
Worcestershire,Shire County,West Midlands,-1.7%,-2.0%,-2.0%,-1.4%,1.1%,-1.4%,2.5%,2.6%,3.7%,,373.67,366.06,381.34,374.23,383.26,330.97,,367.18,358.80,373.57,369.13,387.41,326.31,334.55,343.34,356.20,,0.0374
Worthing,Shire District,South East,-6.0%,-4.4%,-2.3%,-3.4%,-3.8%,0.2%,-4.7%,-1.8%,2.8%,,16.28,14.43,14.62,15.08,14.46,13.60,,15.30,13.79,14.28,14.56,13.91,13.63,12.99,12.75,13.11,,-0.0622
Wychavon,Shire District,West Midlands,-8.1%,-6.4%,0.1%,-0.4%,1.4%,7.3%,-0.1%,-2.8%,4.2%,,13.30,11.51,11.74,12.41,12.48,12.46,,12.22,10.76,11.75,12.35,12.65,13.37,13.35,12.98,13.53,,0.0419
Wycombe,Shire District,South East,-7.3%,-5.6%,-0.5%,-1.7%,-3.0%,-0.9%,-11.7%,-5.0%,3.1%,,19.57,17.08,18.03,18.91,18.61,17.64,,18.15,16.12,17.94,18.59,18.05,17.49,15.45,14.68,15.14,,-0.1679
Wyre,Shire District,North West,-6.3%,-6.2%,-1.6%,-3.7%,-3.0%,-1.1%,-4.2%,-3.6%,-2.5%,,16.94,14.90,14.59,15.25,14.73,13.72,,15.87,13.97,14.36,14.69,14.28,13.57,13.01,12.53,12.23,,-0.0867
Wyre Forest,Shire District,West Midlands,-8.4%,-6.1%,-2.4%,-2.2%,-3.1%,0.6%,-7.9%,-6.3%,-0.1%,,15.60,13.39,13.36,13.75,13.60,12.86,,14.29,12.58,13.04,13.45,13.18,12.94,11.92,11.17,11.15,,-0.1319
York,Unitary,Yorkshire and The Humber,-3.4%,-3.2%,-0.5%,-1.8%,0.0%,-1.4%,0.7%,1.8%,3.2%,,142.97,136.47,139.98,141.29,142.63,123.87,,138.09,132.04,139.24,138.69,142.67,122.10,122.94,125.17,129.22,,0.0105